기초영단어,1,메인,provide,"제공하다, 공급하다, 준비하다"
기초영단어,1,메인,develop,"개발하다, 발달[발전]하다"
기초영단어,1,메인,cultural,"문화의, 문화적인"
기초영단어,1,메인,inform,"알리다, 통지하다"
기초영단어,1,메인,social,"사회의, 사교적인"
기초영단어,1,메인,improve,"향상시키다, 향상하다"
기초영단어,1,메인,individual,"개인; 개인의, 개인적인"
기초영단어,1,메인,require,"필요로 하다, 요구하다"
기초영단어,1,메인,volunteer,"자원봉사, 지원자; 자원하다"
기초영단어,1,메인,behave,"(예의 바르게) 행동하다"
기초영단어,1,메인,amount,"총액, 총계, 액수, 양; 총계가 ~이 되다"
기초영단어,1,메인,relationship,관계
기초영단어,1,메인,employ,"고용하다, (기술.방법 등을) 쓰다"
기초영단어,1,메인,attitude,"태도, 입장"
기초영단어,1,메인,research,"연구; 연구하다, 조사하다"
기초영단어,1,메인,audience,"청중, 관객"
기초영단어,1,메인,challenge,"도전, 난제; 도전하다"
기초영단어,1,메인,influence,"영향, 영향을 미치는 것[사람]; 영향을 끼치다"
기초영단어,1,메인,material,"자료, 재료, 물질"
기초영단어,1,메인,opportunity,기회
기초영단어,1,메인,environment,환경
기초영단어,1,메인,expense,"비용, 지출"
기초영단어,1,메인,local,"지방의, 지역의, 장소의"
기초영단어,1,메인,involve,"포함하다, 관련되다, (사건 등에) 말려들게 하다"
기초영단어,1,메인,stress,"스트레스, 강조; 강조하다, 압력을 주다"
기초영단어,1,메인,therefore,"그러므로, 그 결과"
기초영단어,1,메인,contain,"함유하다, 포함하다, 억제하다"
기초영단어,1,메인,average,"평균; 평균의; 평균 ~이다"
기초영단어,1,메인,ride,"(탈것을) 타다; 타기, 타고 가기"
기초영단어,1,메인,encourage,"촉구하다, 격려하다"
기초영단어,1,메인,determine,"결정하다, 결심하다"
기초영단어,1,메인,international,"국제의, 국제적인"
기초영단어,1,메인,consume,"소비하다, 먹다[마시다]"
기초영단어,1,메인,impress,"깊은 인상을 주다, 감동시키다"
기초영단어,1,메인,object,"물체, 목표; 반대하다"
기초영단어,1,메인,available,"이용 가능한, 쓸모 있는"
기초영단어,1,메인,positive,"긍정적인, 확신하는"
기초영단어,1,메인,recognize,"인지하다, 인정하다"
기초영단어,1,메인,commodity,"상품, 물품"
기초영단어,1,메인,comfort,"편안하게 하다, 위로하다; 편안, 위로"
기초영단어,2,메인,emotion,감정
기초영단어,2,메인,amaze,놀라게 하다
기초영단어,2,메인,reduce,"줄이다, 낮추다"
기초영단어,2,메인,discover,발견하다
기초영단어,2,메인,decide,"결심하다, 결정하다"
기초영단어,2,메인,benefit,"이익; 이익이 되다"
기초영단어,2,메인,affect,"영향을 미치다, ~인 체하다"
기초영단어,2,메인,level,"수준, 수평; 수평의; 평평하게 하다"
기초영단어,2,메인,chemistry,"화학, 교감"
기초영단어,2,메인,immediate,"즉각적인, 가까이에 있는"
기초영단어,2,메인,thus,"그러므로, 따라서"
기초영단어,2,메인,proper,"적절한, 알맞은"
기초영단어,2,메인,performance,"공연, 성적, 성과"
기초영단어,2,메인,essence,"(사물의) 본질, 정수"
기초영단어,2,메인,economic,"경제의, 경제학의"
기초영단어,2,메인,cell,"세포, 작은 방, 독방"
기초영단어,2,메인,focus,"초점; 초점을 맞추다, 집중하다"
기초영단어,2,메인,issue,"화제, 문제, 발행(물); 발행하다"
기초영단어,2,메인,participate,"참여하다, 참가하다 (in)"
기초영단어,2,메인,demand,"요구하다; 수요"
기초영단어,2,메인,occur,"(사건이) 일어나다, 발생하다"
기초영단어,2,메인,complex,"복잡한; 복합체"
기초영단어,2,메인,define,"정의하다, 한계 짓다, 한정하다"
기초영단어,2,메인,proud,"자랑스러워하는, 자만하는"
기초영단어,2,메인,aware,"인지하는, 알고 있는"
기초영단어,2,메인,contact,"접촉; 접촉하다"
기초영단어,2,메인,profession,"전문직, 직종"
기초영단어,2,메인,detail,"세부적인 것; 상술하다"
기초영단어,2,메인,approach,"접근하다; 접근, 접근법"
기초영단어,2,메인,career,"직업, 경력"
기초영단어,2,메인,package,"꾸러미, 포장; 포장하다"
기초영단어,2,메인,disappear,사라지다
기초영단어,2,메인,novel,"(장편) 소설; 참신한"
기초영단어,2,메인,secure,"안전한; 안전하게 하다, 확보하다"
기초영단어,2,메인,function,"기능; 기능하다, 작용하다"
기초영단어,2,메인,despite,~에도 불구하고
기초영단어,2,메인,background,"배경, 배경 지식, 이유"
기초영단어,2,메인,solution,"해결, 해결책, 용액"
기초영단어,2,메인,generate,일으키다, 발생시키다
기초영단어,2,메인,eventually,결국
기초영단어,3,메인,decrease,"줄다[감소하다], 줄이다; 감소"
기초영단어,3,메인,recycle,재활용하다
기초영단어,3,메인,desire,"욕망, 욕구; 바라다"
기초영단어,3,메인,balance,"균형, 은행 잔고; 균형을 이루다"
기초영단어,3,메인,negative,부정적인
기초영단어,3,메인,follow,"따라가다, (규칙을) 따르다"
기초영단어,3,메인,account,"은행 계좌, 이야기, 설명; 설명하다"
기초영단어,3,메인,publish,"발표하다, 출판하다"
기초영단어,3,메인,occasion,"경우, 특별한 일"
기초영단어,3,메인,replace,대체하다
기초영단어,3,메인,constant,"일정한, 불변의; (수학에서의) 상수"
기초영단어,3,메인,expert,전문가
기초영단어,3,메인,term,"용어, 기간, 학기"
기초영단어,3,메인,relieve,"경감하다, 안도시키다"
기초영단어,3,메인,describe,"묘사하다, 표현하다"
기초영단어,3,메인,congratulate,축하하다
기초영단어,3,메인,due,"만기의, ~하기로 되어 있는"
기초영단어,3,메인,equipment,"장치, 장비"
기초영단어,3,메인,biology,생물학
기초영단어,3,메인,imagine,상상하다
기초영단어,3,메인,compose,"구성하다, 작곡하다, 작문하다"
기초영단어,3,메인,genius,"천재, 천재성"
기초영단어,3,메인,reflect,"반영하다, 반사하다, 숙고하다"
기초영단어,3,메인,cause,"~의 원인이 되다, 야기하다; 원인"
기초영단어,3,메인,frequent,"빈번한; (장소.모임에) 자주 가다"
기초영단어,3,메인,factor,"요인, 요소"
기초영단어,3,메인,extreme,"극단의, 극단적인; 극단"
기초영단어,3,메인,tend,"(~하는) 경향이 있다 (to V), 돌보다"
기초영단어,3,메인,politics,"정치, 정치학"
기초영단어,3,메인,insist,주장하다
기초영단어,3,메인,extend,"연장하다, 넓히다"
기초영단어,3,메인,lonely,외로운
기초영단어,3,메인,habitat,"서식지, 주거지"
기초영단어,3,메인,mental,정신의
기초영단어,3,메인,steady,"안정된, 한결같은, 꾸준한"
기초영단어,3,메인,exchange,"교환하다; 교환"
기초영단어,3,메인,active,"활동적인, 적극적인"
기초영단어,3,메인,species,"(생물 분류상의) 종"
기초영단어,3,메인,athletic,"운동의, 운동 경기의"
기초영단어,3,메인,dental,치아의
기초영단어,4,메인,delight,"기쁨; 기쁘게 하다"
기초영단어,4,메인,confident,자신 있는
기초영단어,4,메인,gradually,"점차, 서서히"
기초영단어,4,메인,shadow,"그림자; 그늘지게 하다"
기초영단어,4,메인,access,"접근, 입장, 이용; 접근하다"
기초영단어,4,메인,announce,"발표하다, 알리다"
기초영단어,4,메인,allow,"허락하다, 인정하다"
기초영단어,4,메인,firm,"확고한, 단단한; 회사"
기초영단어,4,메인,vary,"바꾸다, 변하다, 다르다"
기초영단어,4,메인,injure,"상처를 입히다, 손상시키다"
기초영단어,4,메인,permit,"허용[허락]하다"
기초영단어,4,메인,response,"응답, 반응"
기초영단어,4,메인,increase,"(수량이) 증가하다; 증가, 이자"
기초영단어,4,메인,electricity,전기
기초영단어,4,메인,disabled,"장애를 가진, 무능력하게 된"
기초영단어,4,메인,lack,"부족; ~이 부족하다"
기초영단어,4,메인,possibility,"가능성, 가망"
기초영단어,4,메인,concentrate,집중하다
기초영단어,4,메인,emphasize,강조하다
기초영단어,4,메인,astronomy,천문학
기초영단어,4,메인,flood,"홍수; 범람시키다"
기초영단어,4,메인,fuel,"연료; 연료를 가하다"
기초영단어,4,메인,manufacture,"제조하다; 제조(업), 제품"
기초영단어,4,메인,movement,"움직임, 운동"
기초영단어,4,메인,capable,"할 수 있는, 유능한"
기초영단어,4,메인,combine,"결합시키다, 겸비하다"
기초영단어,4,메인,gene,유전자
기초영단어,4,메인,threat,"위협, 협박"
기초영단어,4,메인,victim,"희생, 희생자"
기초영단어,4,메인,pressure,"압력, 압박; 압력을 가하다"
기초영단어,4,메인,accompany,"동반[동행]하다, 수반하다"
기초영단어,4,메인,frustrate,좌절시키다
기초영단어,4,메인,construct,건설하다
기초영단어,4,메인,launch,"(로켓 등을) 발사하다, (새로운 일을) 시작하다, 출시하다; 발사, 개시, 출시"
기초영단어,4,메인,commerce,"상업, 교역"
기초영단어,4,메인,entertain,"접대하다, 즐겁게 하다"
기초영단어,4,메인,predict,"예언하다, 예측하다"
기초영단어,4,메인,apologize,사과하다
기초영단어,4,메인,sight,"시야, 광경, 시력"
기초영단어,4,메인,quantity,양(量)
기초영단어,5,메인,conclude,"결론짓다, 끝내다"
기초영단어,5,메인,donate,기부하다
기초영단어,5,메인,personality,"개성, 성격, 특색"
기초영단어,5,메인,struggle,"싸우다, 노력하다; 투쟁, 노력"
기초영단어,5,메인,advantage,"유리한 점, 이익"
기초영단어,5,메인,variety,"다양, 다양성"
기초영단어,5,메인,enable,가능하게 하다
기초영단어,5,메인,instruction,"지시, 제품 사용 설명서, 가르침"
기초영단어,5,메인,assume,"추정하다, (태도 등을) 취하다"
기초영단어,5,메인,attempt,"시도하다; 시도"
기초영단어,5,메인,incredible,"믿을 수 없는, (믿기 어려울 만큼) 굉장한"
기초영단어,5,메인,feature,"특징, 특집 기사, 얼굴 생김새; 특징으로 하다, 주연하다"
기초영단어,5,메인,confuse,"혼동하다, 혼란시키다"
기초영단어,5,메인,electronic,"전자의, 전자 공학의"
기초영단어,5,메인,absorb,"흡수하다, (사람.마음을) 열중시키다"
기초영단어,5,메인,indicate,"가리키다, 나타내다"
기초영단어,5,메인,analyze,분석하다
기초영단어,5,메인,stock,"재고품, 저장, 가축; 저장하다, (물품을) 들여놓다"
기초영단어,5,메인,resident,"거주하는; 거주자, 레지던트(전문의 수련자)"
기초영단어,5,메인,labor,"노동, 산고; 노동하다"
기초영단어,5,메인,remark,"의견을 말하다, ~에 주목하다; 의견, 주목"
기초영단어,5,메인,moral,도덕적인
기초영단어,5,메인,embarrassed,당황한
기초영단어,5,메인,claim,"주장하다; 요구, 주장"
기초영단어,5,메인,reasonable,"논리적인, 분별력이 있는"
기초영단어,5,메인,interrupt,"방해하다, 중단하다"
기초영단어,5,메인,limit,"제한하다, 한정하다; 제한(점)"
기초영단어,5,메인,creature,"생물, 피조물"
기초영단어,5,메인,heal,"치료하다, 낫게 하다"
기초영단어,5,메인,establish,"설립하다, 확립하다, 제정하다"
기초영단어,5,메인,revolution,"혁명, 갑작스러운 변화, 회전"
기초영단어,5,메인,criticize,"비난하다, 비평하다"
기초영단어,5,메인,convince,"확신시키다, 납득시키다"
기초영단어,5,메인,efficient,"효율적인, 유능한"
기초영단어,5,메인,stranger,"낯선 사람, 문외한"
기초영단어,5,메인,tide,"조수(潮水), 흐름"
기초영단어,5,메인,obtain,"얻다, 획득하다"
기초영단어,5,메인,assist,도움을 주다
기초영단어,5,메인,disaster,"재앙, 재난, 재해"
기초영단어,5,메인,terrific,"굉장한, 훌륭한"
기초영단어,6,메인,specific,"구체적인, 특정한"
기초영단어,6,메인,react,"반응하다, 반작용하다"
기초영단어,6,메인,independent,독립적인
기초영단어,6,메인,theory,이론
기초영단어,6,메인,qualify,자격을 얻다
기초영단어,6,메인,consider,"숙고하다, 고려하다"
기초영단어,6,메인,recall,"상기하다, 철회하다, 회수하다; 상기, 철회, 회수"
기초영단어,6,메인,risk,"위험; 위험을 감수하다"
기초영단어,6,메인,treatment,"취급, 대우, 치료(법)"
기초영단어,6,메인,engage,"관여하다, 약속하다, 약혼하다"
기초영단어,6,메인,motivate,동기를 부여하다
기초영단어,6,메인,clue,"실마리, 단서"
기초영단어,6,메인,resource,"자원, (-s) 지략"
기초영단어,6,메인,probable,"가능한, 개연성이 있는, 그럴싸한"
기초영단어,6,메인,depress,"우울하게 하다, 의기소침[낙담]하게 하다"
기초영단어,6,메인,fascinate,"매료시키다, 마음을 빼앗다"
기초영단어,6,메인,violent,"난폭한, 폭력적인"
기초영단어,6,메인,alarm,"놀람, 경보"
기초영단어,6,메인,edge,"가장자리, 날카로움, 우위"
기초영단어,6,메인,deserve,"(보수.벌 등을) 받을 만하다[가치가 있다]"
기초영단어,6,메인,route,"길, 통로, 항로"
기초영단어,6,메인,psychology,"심리, 심리학"
기초영단어,6,메인,passion,열정
기초영단어,6,메인,import,"수입하다, 의미하다; 수입"
기초영단어,6,메인,purchase,"구매하다; 구매"
기초영단어,6,메인,conscience,양심
기초영단어,6,메인,pose,"자세를 취하다, (문제를) 제기하다; 자세"
기초영단어,6,메인,length,길이
기초영단어,6,메인,severe,"심한, 엄격한"
기초영단어,6,메인,decade,"10년, 10년간"
기초영단어,6,메인,occupy,"(시간.장소를) 차지하다, 전념하다"
기초영단어,6,메인,acquire,습득하다
기초영단어,6,메인,interact,상호 작용하다
기초영단어,6,메인,brief,"간단한; 간단한 보고; 간단히 알리다"
기초영단어,6,메인,observe,"관찰하다, 보다, 준수하다"
기초영단어,6,메인,poetry,"시, 운문"
기초영단어,6,메인,salary,"급료, 봉급"
기초영단어,6,메인,grain,"곡물, 낟알"
기초영단어,6,메인,skip,"거르다, 깡충깡충 뛰다"
기초영단어,6,메인,meaningful,"의미 있는, 의미심장한"
기초영단어,7,메인,survival,생존
기초영단어,7,메인,comment,"논평, 주석; 논평하다"
기초영단어,7,메인,leap,"뛰다, 도약하다; 도약"
기초영단어,7,메인,plain,"평범한, 명백한; 평원, 평야"
기초영단어,7,메인,typical,"전형적인, 대표적인"
기초영단어,7,메인,mere,단지 ~에 불과한
기초영단어,7,메인,mechanic,"기계공, 정비공"
기초영단어,7,메인,mood,"기분, 분위기"
기초영단어,7,메인,approve,"찬성하다, 승인하다"
기초영단어,7,메인,rural,시골의
기초영단어,7,메인,finance,"재정, 재무, 금융; 자금을 조달하다"
기초영단어,7,메인,seek,"찾다, 추구하다, 노력하다"
기초영단어,7,메인,operation,"작업, 운영, 수술"
기초영단어,7,메인,crime,범죄
기초영단어,7,메인,awful,"끔찍한, 지독한"
기초영단어,7,메인,series,"연속, 시리즈물"
기초영단어,7,메인,exhausted,"고갈된, 기진맥진한"
기초영단어,7,메인,absolute,"완전한, 절대적인"
기초영단어,7,메인,surround,둘러싸다
기초영단어,7,메인,display,"전시하다, 나타내다; 전시"
기초영단어,7,메인,policy,"정책, 수단, 방법"
기초영단어,7,메인,mass,"많은 양, 덩어리, 집단, 대중"
기초영단어,7,메인,committee,"(상급 기관에 소속된) 위원회"
기초영단어,7,메인,accurate,정확한
기초영단어,7,메인,arrange,"정리하다, 준비하다, 각색하다"
기초영단어,7,메인,facility,"시설, 편의, 재능"
기초영단어,7,메인,consult,"상담하다, 참고하다"
기초영단어,7,메인,refer,"언급하다, 위탁하다"
기초영단어,7,메인,attach,"붙이다, 붙다, 첨부하다, 소속시키다"
기초영단어,7,메인,recover,"회복하다, 되찾다"
기초영단어,7,메인,reward,"보상; 보답하다"
기초영단어,7,메인,enormous,"엄청난, 거대한"
기초영단어,7,메인,domestic,"국내의, 가정의"
기초영단어,7,메인,wealth,"부, 재산"
기초영단어,7,메인,elementary,"초보의, 기초적인"
기초영단어,7,메인,gap,"격차, 틈"
기초영단어,7,메인,except,"~을 제외하고는; 제외하다"
기초영단어,7,메인,journey,"여행, 여정"
기초영단어,7,메인,survey,"설문 조사; 조사하다, 둘러보다"
기초영단어,7,메인,downtown,"도심; 도심의; 도심지에"
기초영단어,8,메인,previous,"앞의, 이전의"
기초영단어,8,메인,produce,"생산하다, 제조하다"
기초영단어,8,메인,remain,"여전히 ~이다, 남다"
기초영단어,8,메인,entitle,"자격[권리]을 주다, 제목을 붙이다"
기초영단어,8,메인,slight,"약간의, 경미한"
기초영단어,8,메인,include,포함하다
기초영단어,8,메인,delay,"연기하다, 미루다; 지연"
기초영단어,8,메인,file,"서류철, (컴퓨터) 파일; 파일에 철하다, (소송 등을) 제기하다"
기초영단어,8,메인,ethic,윤리
기초영단어,8,메인,instant,"즉각의, 즉석의; 순간"
기초영단어,8,메인,reveal,"드러내다, 폭로하다; 출현, 폭로"
기초영단어,8,메인,suppose,"가정하다, 추측하다"
기초영단어,8,메인,leisure,"여가, 자유 시간; 한가한"
기초영단어,8,메인,urban,도시의
기초영단어,8,메인,witness,"목격자, 증인; 목격하다"
기초영단어,8,메인,admit,"인정하다, 입장을 허락하다"
기초영단어,8,메인,muscle,"근육, 힘, 강제"
기초영단어,8,메인,device,"장치, 고안, 방책"
기초영단어,8,메인,borrow,빌리다
기초영단어,8,메인,owe,"빚지고 있다, (명예.성공 등을) ~에 돌리다"
기초영단어,8,메인,intend,"(~할) 작정이다, 의도하다"
기초영단어,8,메인,aspect,"관점, 양상, 면"
기초영단어,8,메인,potential,"잠재적인; 잠재력"
기초영단어,8,메인,award,"수여하다; 상"
기초영단어,8,메인,preserve,"보존하다, 보호하다"
기초영단어,8,메인,spot,"지점, 얼룩; 발견하다, 얼룩지게 하다"
기초영단어,8,메인,underground,"지하의, 비밀의; 지하"
기초영단어,8,메인,consequence,"결과, 중요성"
기초영단어,8,메인,target,"목표, 표적; 목표로 삼다"
기초영단어,8,메인,spark,"불꽃, 불똥; 불꽃을 일으키다, 촉발하다"
기초영단어,8,메인,accomplish,"이루다, 성취하다"
기초영단어,8,메인,adopt,"채택하다, 입양하다"
기초영단어,8,메인,unique,"독특한, 유일한"
기초영단어,8,메인,slip,"미끄러지다, 실수하다; 종잇조각"
기초영단어,8,메인,civilization,문명
기초영단어,8,메인,row,"열, 줄; 배를 젓다"
기초영단어,8,메인,horizon,"수평선, 지평선"
기초영단어,8,메인,atmosphere,"대기, 분위기"
기초영단어,8,메인,label,"꼬리표, 상표; 라벨을 붙이다, ~을 ...이라고 부르다"
기초영단어,8,메인,decorate,"장식하다, ~에게 훈장을 주다"
기초영단어,9,메인,identify,"(신원 등을) 확인하다, 식별하다, 동일시하다"
기초영단어,9,메인,standard,"기준, 표준; 기준의, 표준의"
기초영단어,9,메인,scale,"규모, 저울, 비늘"
기초영단어,9,메인,evident,명백한
기초영단어,9,메인,seldom,거의 ~ 않는
기초영단어,9,메인,secretary,"비서, 서기관, 장관"
기초영단어,9,메인,basis,"기초, 원리, 기준"
기초영단어,9,메인,automatic,"자동적인, 기계적인"
기초영단어,9,메인,region,지역
기초영단어,9,메인,empower,권한을 주다
기초영단어,9,메인,addict,"중독시키다; 중독자"
기초영단어,9,메인,disappoint,실망시키다
기초영단어,9,메인,artificial,"인공적인, 인조의"
기초영단어,9,메인,possess,"소유하다, ~의 마음을 사로잡다"
기초영단어,9,메인,rid,제거하다
기초영단어,9,메인,realistic,"현실적인, 현실주의의"
기초영단어,9,메인,encounter,"(우연히) 만나다; 마주침"
기초영단어,9,메인,differ,"다르다, 의견을 달리하다"
기초영단어,9,메인,principle,"원칙, 원리"
기초영단어,9,메인,memorize,"기억하다, 암기하다"
기초영단어,9,메인,physics,물리학
기초영단어,9,메인,evaluate,평가하다
기초영단어,9,메인,tremendous,"굉장한, 무시무시한"
기초영단어,9,메인,application,"적용, 신청"
기초영단어,9,메인,vote,"투표; 투표하다"
기초영단어,9,메인,spread,"퍼짐, 확산; 퍼지다, 펼치다"
기초영단어,9,메인,impact,"충격, 영향; 충격[영향]을 주다"
기초영단어,9,메인,cooperate,협력하다
기초영단어,9,메인,emit,"(빛.열.소리 등을) 방출하다"
기초영단어,9,메인,request,"요청; 요청하다"
기초영단어,9,메인,guarantee,"보증하다; 보증"
기초영단어,9,메인,resist,저항하다
기초영단어,9,메인,fulfill,"달성하다, 이행하다, 실현하다"
기초영단어,9,메인,stink,"역겹다, 악취를 풍기다; 악취"
기초영단어,9,메인,grant,"승인하다, 수여하다"
기초영단어,9,메인,rely,"의지하다, 믿다"
기초영단어,9,메인,permanent,"영원한, 영구적인"
기초영단어,9,메인,emergency,비상(사태)
기초영단어,9,메인,substance,"물질, 본질, 실체"
기초영단어,9,메인,theme,"주제, 화제, 논제"
기초영단어,10,메인,hesitate,"주저하다, 망설이다"
기초영단어,10,메인,location,"장소, 위치"
기초영단어,10,메인,restrict,"제한하다, 한정하다"
기초영단어,10,메인,organism,"유기체, 생물, 생명체"
기초영단어,10,메인,interpret,"해석하다, 통역하다"
기초영단어,10,메인,offer,"제공하다, 제안하다; 제공, 제안"
기초영단어,10,메인,distribute,"분배하다, 분포시키다"
기초영단어,10,메인,rainforest,"(열대) 우림"
기초영단어,10,메인,circumstance,"상황, 환경"
기초영단어,10,메인,resolve,"결심하다, 해결하다, 분해하다"
기초영단어,10,메인,suitable,"적절한, 적합한"
기초영단어,10,메인,curve,"곡선(길), 속임수"
기초영단어,10,메인,annoy,"괴롭히다, 귀찮게 하다"
기초영단어,10,메인,frighten,겁먹게 하다
기초영단어,10,메인,estimate,"견적, 평가; 평가하다"
기초영단어,10,메인,refuse,거절하다
기초영단어,10,메인,adventure,"모험; 위험에 빠뜨리다"
기초영단어,10,메인,entrance,"입장, 입구, 입학"
기초영단어,10,메인,persuade,설득하다
기초영단어,10,메인,perceive,"인지하다, 인식하다"
기초영단어,10,메인,recite,암송하다
기초영단어,10,메인,rub,"문질러 닦다, 문지르다"
기초영단어,10,메인,cabin,"오두막집, 객실, 선실"
기초영단어,10,메인,gear,"장비, 기어; 맞게 조정하다"
기초영단어,10,메인,ray,광선
기초영단어,10,메인,release,"놓아주다, 방출하다, 발표하다; 석방, 발표"
기초영단어,10,메인,rank,"등급, 지위; 매기다, (등급을) 차지하다"
기초영단어,10,메인,symphony,"교향곡, (소리의) 조화"
기초영단어,10,메인,envy,부러움; 부러워하다
기초영단어,10,메인,corporate,"회사의, 법인의"
기초영단어,10,메인,alternative,"대안; 대안의"
기초영단어,10,메인,retire,은퇴하다
기초영단어,10,메인,appeal,"호소하다, 항의하다, 관심을 끌다; 호소, 항의, 매력"
기초영단어,10,메인,identical,"동일한, 일란성의"
기초영단어,10,메인,investment,투자
기초영단어,10,메인,autograph,"서명, 사인; 서명하다"
기초영단어,10,메인,slave,노예
기초영단어,10,메인,harm,"손해, 손상; 해치다"
기초영단어,10,메인,authority,"권위, 당국"
기초영단어,10,메인,innocence,"결백, 무죄, 순진"
기초영단어,11,메인,receive,받다
기초영단어,11,메인,infant,"유아; 유아의, 미발달의"
기초영단어,11,메인,calculate,계산하다
기초영단어,11,메인,charity,"자비, 자선 단체, 구호물자"
기초영단어,11,메인,accept,"받아들이다, (설명.학설 등을) 인정하다"
기초영단어,11,메인,depend,의지하다
기초영단어,11,메인,whereas,~인 반면에
기초영단어,11,메인,broad,"넓은, 광범위한, (빛 등이) 가득한"
기초영단어,11,메인,treat,"여기다, 대우하다, 처리하다, 치료하다"
기초영단어,11,메인,ignorant,"무식한, 모르는"
기초영단어,11,메인,pure,순수한
기초영단어,11,메인,extinct,"멸종된, 꺼진"
기초영단어,11,메인,household,"가정; 가정[가족]의"
기초영단어,11,메인,refund,"반환, 환불; 환불하다"
기초영단어,11,메인,continue,계속하다
기초영단어,11,메인,institute,"연구소, 협회; 설립하다, 제정하다"
기초영단어,11,메인,lately,최근에
기초영단어,11,메인,ashamed,부끄러워하는
기초영단어,11,메인,dense,"조밀한, 밀집한"
기초영단어,11,메인,rescue,"구조하다; 구조"
기초영단어,11,메인,destination,목적지
기초영단어,11,메인,expand,확장하다
기초영단어,11,메인,compete,경쟁하다
기초영단어,11,메인,evolution,진화
기초영단어,11,메인,hire,고용하다
기초영단어,11,메인,genuine,"진짜의, 성실한"
기초영단어,11,메인,status,"상태, 지위, 현상"
기초영단어,11,메인,military,"군대의; 군대"
기초영단어,11,메인,logic,"논리, 논리학"
기초영단어,11,메인,gravity,중력
기초영단어,11,메인,isolate,고립시키다
기초영단어,11,메인,commit,"(죄를) 저지르다, 전념[충실]하다, 맡기다"
기초영단어,11,메인,sum,"총합, 합계; 합계하다"
기초영단어,11,메인,conserve,보존하다
기초영단어,11,메인,concept,개념
기초영단어,11,메인,swing,"흔들(리)다, 진동하다; 그네"
기초영단어,11,메인,sensible,"분별 있는, 현명한"
기초영단어,11,메인,marriage,"결혼, 혼인"
기초영단어,11,메인,reproduce,"재생하다, 복제하다, 번식하다"
기초영단어,11,메인,tone,"어조, 말투, 음, 색조; 어떤 어조로 하다"
기초영단어,12,메인,cancel,취소하다
기초영단어,12,메인,return,"돌아오다, 돌려주다; 귀환, 반납, 수익"
기초영단어,12,메인,invitation,"초대, 초대장"
기초영단어,12,메인,precise,정확한
기초영단어,12,메인,formal,"공식적인, 정식의"
기초영단어,12,메인,apparent,"분명한, 명백한"
기초영단어,12,메인,departure,출발
기초영단어,12,메인,visual,시각의
기초영단어,12,메인,current,"현재의; 해류, 흐름"
기초영단어,12,메인,agriculture,농업
기초영단어,12,메인,leak,"새는 곳[구멍]; 새다, 누설하다"
기초영단어,12,메인,portion,"일부, 부분; 분할하다"
기초영단어,12,메인,trend,"추세, 경향"
기초영단어,12,메인,particle,"입자, 극소량"
기초영단어,12,메인,rite,"(종교적) 의식, 의례"
기초영단어,12,메인,distinct,"별개의, 뚜렷한"
기초영단어,12,메인,component,"구성 요소; 구성하는"
기초영단어,12,메인,poverty,"빈곤, 가난"
기초영단어,12,메인,sculpture,"조각; 조각하다"
기초영단어,12,메인,descend,"내려오다, 물려주다"
기초영단어,12,메인,universal,"보편적인, 우주의"
기초영단어,12,메인,surface,"표면, 수면, 지면"
기초영단어,12,메인,eager,갈망하는
기초영단어,12,메인,legal,"법률의, 합법의"
기초영단어,12,메인,annual,"연례의, 1년의, 1년간의"
기초영단어,12,메인,trap,"함정; 덫을 놓다, 막다"
기초영단어,12,메인,demonstrate,"논증하다, 설명하다, 시위하다, 보여 주다"
기초영단어,12,메인,companion,"동료, 동반자"
기초영단어,12,메인,democracy,"민주주의, 민주주의 국가"
기초영단어,12,메인,mature,"성숙한, 익은, 지불 만기의; 성숙해지다"
기초영단어,12,메인,brilliant,"훌륭한, 명석한"
기초영단어,12,메인,faith,"신념, 믿음"
기초영단어,12,메인,aim,"겨냥하다; 조준"
기초영단어,12,메인,spare,"여분의, 검소한; 용서하다, 남겨주다"
기초영단어,12,메인,transfer,"이동하다, 옮기다, 갈아타다"
기초영단어,12,메인,oppose,반대하다
기초영단어,12,메인,desperate,"필사적인, 절망적인"
기초영단어,12,메인,remote,"멀리 떨어진, 희박한, 드문"
기초영단어,12,메인,offend,"기분을 상하게 하다, (범죄를) 저지르다"
기초영단어,12,메인,awake,"깨어 있는; 깨우다, 깨다"
기초영단어,13,메인,option,"선택, 선택권"
기초영단어,13,메인,insight,"통찰, 통찰력"
기초영단어,13,메인,achieve,"이루다, 달성하다"
기초영단어,13,메인,civil,"시민의, 민간의"
기초영단어,13,메인,pause,"중단; 중단하다, 잠시 멈추다"
기초영단어,13,메인,prove,"입증하다, (~임이) 판명되다"
기초영단어,13,메인,lecture,"강의; 강의하다"
기초영단어,13,메인,minor,"사소한, 소수의; 미성년자, 부전공; 부전공하다"
기초영단어,13,메인,duty,"의무, 관세"
기초영단어,13,메인,vigor,활력"
기초영단어,13,메인,organize,"조직하다, 구성하다, 정리하다"
기초영단어,13,메인,chief,"주요한, 우두머리의; 우두머리"
기초영단어,13,메인,complicated,복잡한
기초영단어,13,메인,digest,"소화하다, (완전히) 이해하다; 요약"
기초영단어,13,메인,shortage,"부족, 결함"
기초영단어,13,메인,laboratory,"실험실; 실험(실)의"
기초영단어,13,메인,stream,"흐름, 경향, 개울"
기초영단어,13,메인,forbid,금지하다
기초영단어,13,메인,laundry,세탁물
기초영단어,13,메인,transform,"변형시키다, 변환하다"
기초영단어,13,메인,discipline,"훈련, 규율, 학과, 학문 분야"
기초영단어,13,메인,generous,"관대한, 넉넉한"
기초영단어,13,메인,ultimate,"궁극적인, 최후의"
기초영단어,13,메인,thrive,"번영하다, 발전하다, 잘되다"
기초영단어,13,메인,fiction,"허구, 소설"
기초영단어,13,메인,bet,"돈을 걸다, 내기를 하다, (~이) 틀림없다; 내기"
기초영단어,13,메인,royal,"왕족의, 왕의"
기초영단어,13,메인,ruin,"파멸, 파산; 망치다, 파멸[파산]시키다"
기초영단어,13,메인,worship,"예배하다, 숭배하다; 예배, 숭배"
기초영단어,13,메인,evil,"사악한; 악"
기초영단어,13,메인,scarce,"부족한, 드문"
기초영단어,13,메인,afterward,"나중에, 그 후에"
기초영단어,13,메인,client,"고객, (변호사 등의) 의뢰인"
기초영단어,13,메인,insure,"보험을 계약하다, 안전하게 하다"
기초영단어,13,메인,fancy,"공상, (일시적인) 기호; 공상하다; 화려한"
기초영단어,13,메인,surgery,외과 수술
기초영단어,13,메인,assign,"할당하다, 지정하다"
기초영단어,13,메인,regulate,"규제하다, 조절하다"
기초영단어,13,메인,mindset,"마음가짐, 사고방식"
기초영단어,13,메인,utility,"유용(성), (수도.가스 등의) 공익사업"
기초영단어,14,메인,necessity,"필수, 필수품, 필요"
기초영단어,14,메인,yield,"생산하다, 양도하다, 굴복하다; 수확(물)"
기초영단어,14,메인,decline,"감소, 쇠퇴; 감소하다, 쇠퇴하다, (정중히) 거절하다"
기초영단어,14,메인,apply,"적용하다, 지원하다"
기초영단어,14,메인,aside,"한쪽으로, 제쳐 두고"
기초영단어,14,메인,contemporary,"동시대의, 현대의"
기초영단어,14,메인,bless,"축복하다, 감사하다"
기초영단어,14,메인,explain,설명하다
기초영단어,14,메인,prior,"이전의, 우선하는"
기초영단어,14,메인,tolerate,"참다, 용인하다"
기초영단어,14,메인,measure,"측정하다; 측정, 수단"
기초영단어,14,메인,abstract,"추상적인; 추상, 개요"
기초영단어,14,메인,cottage,오두막집
기초영단어,14,메인,correct,"올바른, 정확한; 바로잡다, 정정하다"
기초영단어,14,메인,confirm,"입증[확인]하다, (결심을) 굳게 하다"
기초영단어,14,메인,imitate,모방하다
기초영단어,14,메인,prey,"먹이, 희생자"
기초영단어,14,메인,defeat,"패배시키다; 패배"
기초영단어,14,메인,illustrate,"설명하다, 예증하다, 삽화를 넣다"
기초영단어,14,메인,fuse,"퓨즈, 도화선; 융합하다"
기초영단어,14,메인,pupil,"학생, 눈동자"
기초영단어,14,메인,intellect,지성"
기초영단어,14,메인,spice,"향신료, 양념"
기초영단어,14,메인,tempt,"유혹하다, (관심을) 끌다"
기초영단어,14,메인,inspire,"영감을 주다, 고무시키다, 격려하다"
기초영단어,14,메인,dine,"만찬을 대접하다, 식사하다"
기초영단어,14,메인,literally,문자 그대로
기초영단어,14,메인,appropriate,적절한
기초영단어,14,메인,resort,"휴양지, 의지; 의지하다, 자주 가다"
기초영단어,14,메인,grab,"움켜쥐다; 움켜쥠"
기초영단어,14,메인,propose,"제안하다, 청혼하다"
기초영단어,14,메인,wreck,"난파선, 사고; 난파시키다"
기초영단어,14,메인,document,"문서, 서류; 기록하다"
기초영단어,14,메인,suspect,"의심하다; 용의자"
기초영단어,14,메인,alien,"외국인, 외계인; 외국의, 이질적인"
기초영단어,14,메인,prohibit,금지하다
기초영단어,14,메인,install,설치하다
기초영단어,14,메인,triumph,"승리; 승리하다"
기초영단어,14,메인,scholarship,"학문, 장학금"
기초영단어,14,메인,execute,"실행하다, 처형하다"
기초영단어,15,메인,ensure,"확실하게 하다, 보증하다"
기초영단어,15,메인,receipt,영수증
기초영단어,15,메인,defect,"결점; (국가.당 등을) 버리다"
기초영단어,15,메인,trait,"특성, 특징"
기초영단어,15,메인,modest,"겸손한, 알맞은"
기초영단어,15,메인,virtual,"가상의, 사실상의"
기초영단어,15,메인,compare,비교하다
기초영단어,15,메인,address,"연설하다; 연설, 인사말"
기초영단어,15,메인,inner,내부의
기초영단어,15,메인,contrary,"반대의, 불리한; 반대의 것"
기초영단어,15,메인,split,"찢다, (세로로) 쪼개다; 틈, 분열"
기초영단어,15,메인,supervise,"감독하다, 관리하다, 통제하다"
기초영단어,15,메인,inhabit,"살다, 거주하다"
기초영단어,15,메인,appear,나타나다
기초영단어,15,메인,commute,"통근; 통근하다"
기초영단어,15,메인,earthquake,"지진, (사회.정치적) 대변동"
기초영단어,15,메인,enroll,"입학하다, 등록하다"
기초영단어,15,메인,debate,"토론; 토론하다"
기초영단어,15,메인,abandon,"버리다, 포기하다"
기초영단어,15,메인,conquer,"정복하다, 극복하다"
기초영단어,15,메인,nevertheless,그럼에도 불구하고
기초영단어,15,메인,seal,"도장, 봉인, 바다표범; 봉인하다"
기초영단어,15,메인,greed,탐욕
기초영단어,15,메인,contract,"계약하다, 수축하다; 계약서"
기초영단어,15,메인,nutrition,영양
기초영단어,15,메인,retail,"소매; 소매하다"
기초영단어,15,메인,prejudice,"편견, 선입관"
기초영단어,15,메인,register,"등록하다, 기재하다; 등록"
기초영단어,15,메인,agency,대리점
기초영단어,15,메인,nurture,"양육하다, 교육하다; 양육, 교육"
기초영단어,15,메인,priest,성직자
기초영단어,15,메인,elegant,"고상한, 우아한"
기초영단어,15,메인,impose,"부과하다, 강요하다"
기초영단어,15,메인,arise,"발생하다, 생겨나다"
기초영단어,15,메인,attack,"공격하다; 공격"
기초영단어,15,메인,masterpiece,"명작, 대작"
기초영단어,15,메인,harsh,"거친, 가혹한"
기초영단어,15,메인,drought,가뭄
기초영단어,15,메인,criteria,"(pl.) 기준, 표준"
기초영단어,15,메인,extraordinary,"비범한, 놀라운"
기초영단어,16,메인,general,"일반적인; (육군.공군.해병대의) 대장"
기초영단어,16,메인,spill,"엎지르다, 흘리다; 엎질러짐, 유출"
기초영단어,16,메인,usual,"보통의, 통상의"
기초영단어,16,메인,routine,"일상적인 일, 일과; 일상적인"
기초영단어,16,메인,eliminate,"제거하다, 배제하다"
기초영단어,16,메인,deny,"부인하다, 거절하다"
기초영단어,16,메인,scream,"절규하다, 비명 지르다, 소리치다; 비명, 절규"
기초영단어,16,메인,sensitive,"민감한, 예민한, 세심한"
기초영단어,16,메인,swallow,"삼키다; 삼킴, 제비"
기초영단어,16,메인,glare,"(눈부시게) 빛나다, 노려보다; 눈부신 빛, 노려봄"
기초영단어,16,메인,tragic,"비극의, 비참한"
기초영단어,16,메인,deprive,박탈하다
기초영단어,16,메인,conscious,"의식하고 있는, 의도적인"
기초영단어,16,메인,interfere,"방해하다, 간섭하다"
기초영단어,16,메인,temporary,"일시적인, 임시의"
기초영단어,16,메인,council,"협의회, 회의, 의회"
기초영단어,16,메인,adolescent,"청소년; 청소년기의"
기초영단어,16,메인,associate,"연관 짓다, 교제하다; 동료"
기초영단어,16,메인,arctic,북극의
기초영단어,16,메인,capture,"붙잡다, 포획하다; 포획"
기초영단어,16,메인,dilute,묽은; 희석시키다
기초영단어,16,메인,figure,"생각[판단]하다, 계산하다; 수치, 계산, 형체"
기초영단어,16,메인,dim,"흐릿한, 어두운; (불빛이) 흐려지다"
기초영단어,16,메인,neighbor,"이웃의, 근처에 사는; 이웃 (사람)"
기초영단어,16,메인,crew,승무원
기초영단어,16,메인,barrier,"장벽, 장애물"
기초영단어,16,메인,tradition,"전통, 관습"
기초영단어,16,메인,pedestrian,"보행자; 보행자의"
기초영단어,16,메인,glance,흘긋 보다; 흘긋 봄
기초영단어,16,메인,irritate,"짜증 나게 하다, 화나게 하다"
기초영단어,16,메인,cruel,"잔인한, 고통을 주는"
기초영단어,16,메인,fold,"접다, 포개다; 주름, (동물의) 우리"
기초영단어,16,메인,trial,"재판, 실험, 시도"
기초영단어,16,메인,tribe,"부족, 종족"
기초영단어,16,메인,profound,"깊은, 심오한"
기초영단어,16,메인,distinguish,"구별하다, 식별하다"
기초영단어,16,메인,errand,"심부름, 잡일"
기초영단어,16,메인,welfare,복지
기초영단어,16,메인,statement,"진술, 성명서"
기초영단어,16,메인,prevail,"우세하다, 만연하다"
기초영단어,17,메인,widespread,널리 퍼진
기초영단어,17,메인,result,"결과; (결과로) 생기다"
기초영단어,17,메인,fade,"사라지다, 희미해지다"
기초영단어,17,메인,progress,"진보하다, 전진하다; 진전, 진보"
기초영단어,17,메인,weapon,"무기, 병기"
기초영단어,17,메인,drastic,"격렬한, 과감한"
기초영단어,17,메인,reinforcement,"강화, 보강"
기초영단어,17,메인,wonder,"궁금해하다, 놀라다; 경탄, 경이"
기초영단어,17,메인,pile,"쌓아 올린 더미, 많은 양; 쌓아 올리다, 축적하다"
기초영단어,17,메인,protect,보호하다
기초영단어,17,메인,infection,"감염, 전염(병)"
기초영단어,17,메인,stiffen,굳어지다
기초영단어,17,메인,endanger,위험에 빠뜨리다
기초영단어,17,메인,adjust,"조절하다, 조정하다"
기초영단어,17,메인,peer,"동료, 또래"
기초영단어,17,메인,renew,"새롭게 하다, 갱신하다"
기초영단어,17,메인,germ,"미생물, 세균"
기초영단어,17,메인,atom,원자
기초영단어,17,메인,realize,"깨닫다, 실현하다"
기초영단어,17,메인,enrich,"풍성하게 하다, 부유하게 하다"
기초영단어,17,메인,noble,"귀족의, 고결한"
기초영단어,17,메인,repair,"수선[수리]하다, (건강 등을) 회복하다; 수선[수리], 회복"
기초영단어,17,메인,candidate,후보자
기초영단어,17,메인,ideal,"이상적인; 이상"
기초영단어,17,메인,crop,"작물, 수확"
기초영단어,17,메인,ethnic,"인종의, 민족의"
기초영단어,17,메인,foretell,"예언하다, 예고하다"
기초영단어,17,메인,wholesale,"도매; 도매의"
기초영단어,17,메인,debt,"빚, 부채"
기초영단어,17,메인,representative,"대표, 국회의원(R-); 대표하는"
기초영단어,17,메인,shift,"변화, 이동, 교대; 바꾸다, 이동하다"
기초영단어,17,메인,fame,명성
기초영단어,17,메인,strict,"엄한, 엄격한"
기초영단어,17,메인,appliance,"(가정용) 기구, 장치"
기초영단어,17,메인,furthermore,"게다가, 더욱이"
기초영단어,17,메인,command,"명령, 지배력; 명령하다, 지휘하다"
기초영단어,17,메인,ecosystem,생태계
기초영단어,17,메인,excess,"초과, 초과량, 과도함; 초과한, 여분의"
기초영단어,17,메인,oral,"구두(口頭)의, 구술의"
기초영단어,17,메인,drift,표류; 표류하다
기초영단어,18,메인,solar,"태양의, 태양열을 이용한"
기초영단어,18,메인,outstanding,"뛰어난, 두드러진, 미해결의"
기초영단어,18,메인,mislead,"잘못 인도하다, 오해하게 하다"
기초영단어,18,메인,dedicate,"헌납하다, 바치다"
기초영단어,18,메인,crush,"으깨다, 밀어 넣다"
기초영단어,18,메인,sink,가라앉다
기초영단어,18,메인,entire,"전체의, 완전한; 전부, 전체"
기초영단어,18,메인,confront,직면하다
기초영단어,18,메인,beard,턱수염
기초영단어,18,메인,haste,"급함, 서두름"
기초영단어,18,메인,initial,"처음의, 초기의; 머리글자(이니셜)"
기초영단어,18,메인,destiny,운명
기초영단어,18,메인,hardship,"고난, 어려움"
기초영단어,18,메인,escape,"탈출하다, 벗어나다; 탈출, 도망"
기초영단어,18,메인,valid,"타당한, 유효한"
기초영단어,18,메인,dispose,"배치하다, 처리하다, 경향을 갖게 하다"
기초영단어,18,메인,exist,"존재하다, 살아가다"
기초영단어,18,메인,optimal,"최상의, 최적의"
기초영단어,18,메인,hydrogen,수소
기초영단어,18,메인,perspective,"관점, 견해, 원근법, 전망"
기초영단어,18,메인,thread,실; 실을 꿰다
기초영단어,18,메인,dynasty,"왕조, 왕가"
기초영단어,18,메인,scatter,"흩뿌리다, 분산시키다"
기초영단어,18,메인,gamble,"도박하다, 모험하다; 도박, 모험"
기초영단어,18,메인,temper,"성질, 기질; 완화시키다"
기초영단어,18,메인,undoubtedly,"의심할 여지 없이, 확실히"
기초영단어,18,메인,raft,"뗏목, 고무보트"
기초영단어,18,메인,minimal,"최소의, 아주 적은"
기초영단어,18,메인,soak,"적시다, 젖다, 흡수하다"
기초영단어,18,메인,craft,"(수)공예, 기술, 선박, 비행기"
기초영단어,18,메인,cease,"그만두다, 중지하다"
기초영단어,18,메인,review,"재검토, 논평; 재검토하다"
기초영단어,18,메인,ceiling,"천장, 상한선"
기초영단어,18,메인,unify,"통합하다, 통일하다"
기초영단어,18,메인,combat,싸우다; 전투"
기초영단어,18,메인,bump,"부딪치다; 충돌, 혹"
기초영단어,18,메인,primary,"주요한, 최초[초기]의"
기초영단어,18,메인,genre,"장르, 유형, 형식"
기초영단어,18,메인,erase,"지우다, 없애다"
기초영단어,18,메인,doom,"(~할) 운명이다 (to); 운명, 비운, 파멸"
기초영단어,19,메인,vital,"필수적인, 중요한, 생명 유지와 관련된"
기초영단어,19,메인,incident,"일어난 일, 사건; 일어나기 쉬운"
기초영단어,19,메인,session,"시간, 기간, 회의, (대학의) 학기"
기초영단어,19,메인,obvious,"명백한, 분명한"
기초영단어,19,메인,moderate,"온건한, 적당한"
기초영단어,19,메인,budget,"예산, 예산안"
기초영단어,19,메인,graze,"풀을 뜯다, 방목하다"
기초영단어,19,메인,fragile,부서지기 쉬운"
기초영단어,19,메인,myth,"신화, 사회적 통념"
기초영단어,19,메인,ingredient,"재료, 성분"
기초영단어,19,메인,indifferent,무관심한
기초영단어,19,메인,strain,"긴장시키다, 잡아당기다, 혹사하다; 긴장, 압박"
기초영단어,19,메인,nutrient,"영양소, 영양분"
기초영단어,19,메인,dismiss,"해고하다, 해산시키다, 묵살하다"
기초영단어,19,메인,geometry,기하학
기초영단어,19,메인,glacier,빙하
기초영단어,19,메인,urge,"촉구하다, 강요하다"
기초영단어,19,메인,celebrity,"명성, 유명 인사"
기초영단어,19,메인,antique,"옛날의, 고대의, 고풍의; 골동품"
기초영단어,19,메인,profit,"이익, 이윤; 이익을 얻다"
기초영단어,19,메인,sphere,"구체, 구"
기초영단어,19,메인,inherit,"상속하다, (유전으로) 물려받다"
기초영단어,19,메인,editorial,"사설, 논설; 편집자의"
기초영단어,19,메인,crawl,"기어가다, 서행하다; 기어가기, 서행"
기초영단어,19,메인,scratch,"긁다, 할퀴다; 긁힌 자국, 찰과상"
기초영단어,19,메인,diabetes,당뇨병
기초영단어,19,메인,congestion,"밀집, 혼잡"
기초영단어,19,메인,constitute,"구성하다, 제정하다, 설립하다"
기초영단어,19,메인,flow,흐르다; 흐름"
기초영단어,19,메인,investigate,"조사하다, 수사하다"
기초영단어,19,메인,barter,"물물 교환하다; 물물 교환, 교역품"
기초영단어,19,메인,circular,"원의, 순환의"
기초영단어,19,메인,chilly,"쌀쌀한, 냉담한"
기초영단어,19,메인,ancestor,"조상, 선조"
기초영단어,19,메인,fierce,"사나운, 맹렬한"
기초영단어,19,메인,vague,"막연한, 모호한, 흐릿한"
기초영단어,19,메인,rough,"거친, 난폭한, 대강의"
기초영단어,19,메인,content,"만족하는; 내용(물), 목차"
기초영단어,19,메인,obstacle,"장애물, 방해가 되는 것"
기초영단어,19,메인,disgrace,"불명예, 수치"
기초영단어,20,메인,abolish,폐지하다
기초영단어,20,메인,assure,"보증하다, 확실하게 하다"
기초영단어,20,메인,form,"형태, 종류; 형성하다"
기초영단어,20,메인,gender,"성(性), 성별"
기초영단어,20,메인,innovation,혁신
기초영단어,20,메인,opponent,"반대자, 상대; 반대하는"
기초영단어,20,메인,present,"현재의; 현재, 선물; 제출하다, 나타내다"
기초영단어,20,메인,fertile,"비옥한, 기름진"
기초영단어,20,메인,emperor,황제
기초영단어,20,메인,dwell,"살다, 거주하다"
기초영단어,20,메인,chore,"집안일, 허드렛일"
기초영단어,20,메인,grateful,"고마워하는, 감사하는"
기초영단어,20,메인,fossil,화석
기초영단어,20,메인,glitter,반짝이다; 반짝임"
기초영단어,20,메인,miserable,"비참한, 불쌍한"
기초영단어,20,메인,portray,"묘사하다, 설명하다, 초상을 그리다"
기초영단어,20,메인,protein,단백질
기초영단어,20,메인,backward,"후방에, 뒤쪽으로, 거꾸로"
기초영단어,20,메인,translate,"번역하다, 옮기다"
기초영단어,20,메인,refresh,"상쾌하게 하다, 새롭게 하다"
기초영단어,20,메인,tissue,"(생물의 근육.신경 등의) 조직"
기초영단어,20,메인,lord,군주
기초영단어,20,메인,remove,제거하다
기초영단어,20,메인,scan,"정밀 검사하다, 유심히 쳐다보다"
기초영단어,20,메인,pottery,"도자기, 도예"
기초영단어,20,메인,layer,"층, 겹"
기초영단어,20,메인,property,"재산, 소유물, 부동산"
기초영단어,20,메인,justify,정당화하다
기초영단어,20,메인,polish,"닦다, 윤을 내다, (문장 등을) 다듬다"
기초영단어,20,메인,flavor,"맛; 맛을 내다"
기초영단어,20,메인,ceremony,"의식, 식, 의례"
기초영단어,20,메인,relate,"관련시키다, 관련이 있다"
기초영단어,20,메인,strive,"노력하다, 애쓰다, 투쟁하다"
기초영단어,20,메인,radiant,"빛나는, 아주 밝은"
기초영단어,20,메인,exclaim,"(감탄하며) 외치다"
기초영단어,20,메인,asset,"자산, 재산"
기초영단어,20,메인,decay,"부패하다, 쇠퇴하다; 부패, 쇠퇴"
기초영단어,20,메인,administer,"관리[운영]하다, 집행하다, 주다"
기초영단어,20,메인,wage,"임금, 급료"
기초영단어,20,메인,subscribe,"구독하다, 가입하다"
기초영단어,21,메인,merit,"장점, 공로; 받을 만하다"
기초영단어,21,메인,dwindle,"점점 줄어들다, 저하되다"
기초영단어,21,메인,conference,"회담, 회의"
기초영단어,21,메인,accuse,"고발하다, 비난하다"
기초영단어,21,메인,enhance,향상하다
기초영단어,21,메인,intimate,친밀한
기초영단어,21,메인,reception,"환영회, 접수"
기초영단어,21,메인,overwhelm,"압도하다, 당황하게 하다"
기초영단어,21,메인,coincidence,"우연의 일치, 동시에 일어난 사건"
기초영단어,21,메인,majesty,"위엄, 장엄, (M-) 왕"
기초영단어,21,메인,shrug,"(어깨를) 으쓱하다"
기초영단어,21,메인,vicious,"사악한, 악의 있는"
기초영단어,21,메인,cherish,소중히 하다
기초영단어,21,메인,eternal,영원한
기초영단어,21,메인,shrink,"축소하다, 수축하다"
기초영단어,21,메인,colleague,동료
기초영단어,21,메인,transmit,전달하다
기초영단어,21,메인,discard,"버리다, 처분하다"
기초영단어,21,메인,copper,"구리; 구리의, 구릿빛의"
기초영단어,21,메인,orbit,"궤도; 궤도를 그리며 돌다"
기초영단어,21,메인,famine,"굶주림, 기아"
기초영단어,21,메인,pill,알약
기초영단어,21,메인,immune,"면역성의, 면제된"
기초영단어,21,메인,raw,"날것의, 가공하지 않은"
기초영단어,21,메인,superior,"우월한; 상사"
기초영단어,21,메인,string,"끈, 줄, 일련"
기초영단어,21,메인,cope,"대처하다, 잘 처리하다"
기초영단어,21,메인,loan,"대출, 대출금; 대출하다"
기초영단어,21,메인,obedient,"순종하는, 유순한"
기초영단어,21,메인,procedure,"절차, 과정"
기초영단어,21,메인,bond,"유대, 결속, 속박, 계약, 채권"
기초영단어,21,메인,angle,"각도, 모서리"
기초영단어,21,메인,subtle,"미묘한, 교묘한"
기초영단어,21,메인,depict,"묘사하다, 그리다"
기초영단어,21,메인,radical,"과격한, 급진적인, 근본적인; 급진주의자"
기초영단어,21,메인,caution,"조심, 주의; 주의를 주다"
기초영단어,21,메인,persist,"고집하다, 지속하다"
기초영단어,21,메인,reverse,"역(逆), 반대; 역의, 반대의; 뒤바꾸다"
기초영단어,21,메인,stuff,"것(들), 물건; (빽빽이) 채워 넣다, 쑤셔 넣다"
기초영단어,21,메인,therapy,"치료, 요법"
기초영단어,22,메인,skeleton,"골격, 뼈대"
기초영단어,22,메인,strategy,전략
기초영단어,22,메인,attract,"(주의.흥미 등을) 끌다"
기초영단어,22,메인,hence,"그러므로, 지금부터"
기초영단어,22,메인,architecture,"건축, 건축물"
기초영단어,22,메인,handle,다루다
기초영단어,22,메인,wilderness,"황무지, 황야"
기초영단어,22,메인,category,범주
기초영단어,22,메인,funeral,"장례식; 장례의"
기초영단어,22,메인,prefer,선호하다
기초영단어,22,메인,outcome,결과
기초영단어,22,메인,humiliation,"창피함, 굴욕"
기초영단어,22,메인,ban,"금지하다; 금지"
기초영단어,22,메인,flush,"(얼굴이) 붉어지다, 물이 쏟아져 나오다"
기초영단어,22,메인,omit,"생략하다, 빼다"
기초영단어,22,메인,despair,"절망; 절망하다"
기초영단어,22,메인,alert,"기민한, 경계하는; 경계 (태세); 경고하다"
기초영단어,22,메인,compact,"소형의, 조밀한; 꽉 채우다"
기초영단어,22,메인,likewise,"마찬가지로, 게다가"
기초영단어,22,메인,astonish,놀라게 하다
기초영단어,22,메인,panic,"갑작스러운 공포, 공황; 공황적인"
기초영단어,22,메인,optimistic,"낙관적인, 낙천적인"
기초영단어,22,메인,murder,"살인; 살인하다"
기초영단어,22,메인,fundamental,"근본적인, 기본적인; 근본"
기초영단어,22,메인,loyal,"충성스러운, 성실한"
기초영단어,22,메인,humid,"(날씨가) 습기 있는, 눅눅한"
기초영단어,22,메인,pretend,"~인 척하다, 주장하다"
기초영단어,22,메인,graduate,"졸업하다; 졸업생, 대학원 학생"
기초영단어,22,메인,delicate,섬세한"
기초영단어,22,메인,inflate,"부풀리다, 과장하다, (물가 등을) 인상하다"
기초영단어,22,메인,adequate,적당한
기초영단어,22,메인,physician,"의사, 내과 의사"
기초영단어,22,메인,joint,"공동의, 연합의; 이음매, 관절"
기초영단어,22,메인,via,"~을 거쳐[경유해서], ~을 통해"
기초영단어,22,메인,passage,"통로, (시간의) 경과, (인용문의) 한 절"
기초영단어,22,메인,vessel,"(물건을 담는) 용기, 배, 선박, 혈관"
기초영단어,22,메인,restore,"회복하다, 복구하다, 돌려주다"
기초영단어,22,메인,passive,"수동적인, 수동형의"
기초영단어,22,메인,marble,"대리석, 구슬; 대리석의"
기초영단어,22,메인,classify,분류하다
기초영단어,23,메인,prepare,준비하다
기초영단어,23,메인,transaction,"거래, 처리"
기초영단어,23,메인,sufficient,충분한
기초영단어,23,메인,stable,"안정된; 마구간"
기초영단어,23,메인,concern,"관련되다, 걱정하게 하다; 걱정, 관심사"
기초영단어,23,메인,sympathy,"동정, 공감"
기초영단어,23,메인,principal,"주요한, 제1의; (단체의) 장, 주역"
기초영단어,23,메인,by-product,부산물
기초영단어,23,메인,anxiety,"걱정, 불안, 열망"
기초영단어,23,메인,edible,"먹을 수 있는, 식용의"
기초영단어,23,메인,federal,"연방의, 연합의"
기초영단어,23,메인,suffer,"고통받다, 겪다"
기초영단어,23,메인,casual,"우연한, 무심결의, 격식을 차리지 않는"
기초영단어,23,메인,tablet,"(의학) 정제, 알약, (평평한) 판"
기초영단어,23,메인,trade,"거래[교환]하다; 무역"
기초영단어,23,메인,liquid,"액체; 액체의"
기초영단어,23,메인,characteristic,"특징, 특색; 독특한, 특징적인"
기초영단어,23,메인,anticipate,"예상하다, 기대하다"
기초영단어,23,메인,outlook,"전망, 조망"
기초영단어,23,메인,desert,"사막; 사막의, 불모의; 버리다, 도주하다"
기초영단어,23,메인,infinite,무한한
기초영단어,23,메인,roam,"배회하다, 돌아다니다"
기초영단어,23,메인,decent,"제대로 된, 품위 있는"
기초영단어,23,메인,behalf,"이익, 자기편"
기초영단어,23,메인,distortion,"왜곡, 찌그러뜨림"
기초영단어,23,메인,bud,"싹; 싹트다"
기초영단어,23,메인,symbolic,상징적인
기초영단어,23,메인,municipal,"지방(자치제)의, 시의"
기초영단어,23,메인,phenomenon,"현상, 사건, 비범한 인물"
기초영단어,23,메인,devote,"(노력.시간 등을) 바치다"
기초영단어,23,메인,peasant,"농민, 소작농"
기초영단어,23,메인,diminish,감소하다
기초영단어,23,메인,jealous,질투하는
기초영단어,23,메인,exclude,"배제하다, 제외하다"
기초영단어,23,메인,flexible,"융통성 있는, 유연한"
기초영단어,23,메인,tenant,"세입자, 주민"
기초영단어,23,메인,worthwhile,~할 가치가 있는
기초영단어,23,메인,pavement,"보도, 포장도로"
기초영단어,23,메인,nominate,"(후보자로) 지명[추천]하다, 임명하다"
기초영단어,23,메인,sacred,"신성한, 성스러운"
기초영단어,24,메인,support,"지지하다, 받치다, 부양하다; 지지, 지탱함, 부양"
기초영단어,24,메인,revise,"변경하다, 개정[수정]하다"
기초영단어,24,메인,suggest,"암시하다, 넌지시 말하다"
기초영단어,24,메인,control,"지배하다, 제어하다; 지배, 제어"
기초영단어,24,메인,mammal,포유동물"
기초영단어,24,메인,internal,내부의
기초영단어,24,메인,resent,"분개하다, 화를 내다"
기초영단어,24,메인,abrupt,갑작스러운
기초영단어,24,메인,diverse,"다른, 다양한"
기초영단어,24,메인,refine,"정제하다, 개선하다"
기초영단어,24,메인,dynamic,"동적인, 역학의"
기초영단어,24,메인,nerve,신경
기초영단어,24,메인,prompt,"즉각적인, 신속한; 촉구하다, 자극하다"
기초영단어,24,메인,suspend,"매달다, 중지하다"
기초영단어,24,메인,industry,"산업, 공업"
기초영단어,24,메인,iceberg,빙산
기초영단어,24,메인,monetary,화폐의
기초영단어,24,메인,judge,"판단하다; 재판관"
기초영단어,24,메인,gloom,"어둠, 우울"
기초영단어,24,메인,distraction,"주의 산만, (정신을) 산만하게 하는 것, 기분 전환"
기초영단어,24,메인,collapse,"무너지다, 붕괴하다; 붕괴"
기초영단어,24,메인,trigger,"촉발하다, 유발하다; 방아쇠, 계기"
기초영단어,24,메인,martial,"전쟁의, 군대의"
기초영단어,24,메인,monologue,독백
기초영단어,24,메인,deliberate,"의도적인, 신중한; 숙고하다"
기초영단어,24,메인,plot,"줄거리, 음모; 음모를 꾸미다"
기초영단어,24,메인,rod,"막대기, 회초리"
기초영단어,24,메인,partial,"부분적인, 편파적인"
기초영단어,24,메인,mutual,"서로의, 공통의"
기초영단어,24,메인,priceless,대단히 귀중한
기초영단어,24,메인,fate,운명
기초영단어,24,메인,pursue,"추구하다, 쫓다"
기초영단어,24,메인,Atlantic,"대서양; 대서양의"
기초영단어,24,메인,weird,"이상한, 기묘한"
기초영단어,24,메인,booth,"칸막이한 공간, 부스, 노점"
기초영단어,24,메인,prescribe,"규정하다, (약을) 처방하다"
기초영단어,24,메인,erupt,"분출하다, 폭발하다"
기초영단어,24,메인,insult,"모욕하다; 모욕"
기초영단어,24,메인,gaze,"뚫어지게 보다, 응시하다"
기초영단어,24,메인,supreme,최고의
기초영단어,25,메인,context,"전후 관계, 맥락, 문맥"
기초영단어,25,메인,complete,"완전한, 완벽한, 완료된; 완료하다"
기초영단어,25,메인,race,"경주[경쟁]하다, 질주하다; 경주, 경쟁, 인종"
기초영단어,25,메인,dominate,지배하다
기초영단어,25,메인,vehicle,"탈것, 수단, 매개체"
기초영단어,25,메인,complain,"불평하다, 항의하다"
기초영단어,25,메인,brochure,"(안내.광고용) 소책자, 브로슈어"
기초영단어,25,메인,force,"힘, 영향력; 강요하다"
기초영단어,25,메인,nest,"둥지, 보금자리; 둥지를 틀다, (둥지에서) 살다"
기초영단어,25,메인,gain,얻다; 이익"
기초영단어,25,메인,curriculum,"교육 과정, 커리큘럼"
기초영단어,25,메인,sew,"꿰매다, 바느질하다"
기초영단어,25,메인,masculine,"남자의, 남자다운"
기초영단어,25,메인,frown,"눈살을 찌푸리다; 찡그린 얼굴"
기초영단어,25,메인,astound,놀라게 하다
기초영단어,25,메인,dictator,"독재자, 구술하는 사람"
기초영단어,25,메인,assessment,"평가, 판단"
기초영단어,25,메인,crucial,"중대한, 중요한"
기초영단어,25,메인,paralysis,마비"
기초영단어,25,메인,deck,갑판"
기초영단어,25,메인,cheer,"환호, 갈채; 환호[성원]하다"
기초영단어,25,메인,carve,"조각하다, 새기다"
기초영단어,25,메인,tease,"괴롭히다, 약 올리다"
기초영단어,25,메인,aggressive,"공격적인, 적극적인"
기초영단어,25,메인,cure,"치료하다, 해결하다; 치유, 회복"
기초영단어,25,메인,attribute,~의 결과로 여기다; 속성"
기초영단어,25,메인,foster,"육성하다, 촉진하다; 수양의, 위탁의"
기초영단어,25,메인,psychologist,심리학자
기초영단어,25,메인,postpone,"연기하다, 뒤로 미루다"
기초영단어,25,메인,rob,"훔치다, 강탈하다"
기초영단어,25,메인,abuse,"남용, 욕설, 학대; 남용하다, 학대하다"
기초영단어,25,메인,bystander,"방관자, 행인, 구경꾼"
기초영단어,25,메인,breakdown,"고장, 쇠약"
기초영단어,25,메인,disguise,"변장하다, 숨기다; 변장, 은폐"
기초영단어,25,메인,blueprint,청사진"
기초영단어,25,메인,rear,"뒤; 뒤의, 후방의; 기르다"
기초영단어,25,메인,output,"생산(량), 산출(량)"
기초영단어,25,메인,sermon,설교"
기초영단어,25,메인,sprout,"싹이 트다, 자라나다; 싹"
기초영단어,25,메인,tin,"양철, 주석"
기초영단어,26,메인,reform,"개혁; 개혁하다"
기초영단어,26,메인,deal,"다루다, 대처하다(with); 거래"
기초영단어,26,메인,recruit,"모집하다, 징집하다, 신병, 신입 사원"
기초영단어,26,메인,maintain,"유지하다, 지지하다"
기초영단어,26,메인,workshop,"워크숍, 작업장, 연구 집회"
기초영단어,26,메인,patient,"환자; 인내심 있는"
기초영단어,26,메인,convention,"집회, 총회, 관습"
기초영단어,26,메인,devastate,황폐시키다
기초영단어,26,메인,reap,수확하다
기초영단어,26,메인,overlook,"간과하다, 너그럽게 봐주다, 내려다보다"
기초영단어,26,메인,deliver,"배달하다, 전달하다"
기초영단어,26,메인,reject,"거부하다, 거절하다"
기초영단어,26,메인,nourish,"영양분을 주다, 기르다"
기초영단어,26,메인,bay,"만(灣)"
기초영단어,26,메인,stun,"놀라게 하다, 기절시키다"
기초영단어,26,메인,particular,"특정한, 개개의; 사항, (-s) 상세"
기초영단어,26,메인,bulletin,"게시, 게시물"
기초영단어,26,메인,fluid,"유동체(액체.기체의 총칭); 유동체의, 유동적인"
기초영단어,26,메인,affair,"사건, 일"
기초영단어,26,메인,dawn,"새벽; 이해되기 시작하다, 날이 새다"
기초영단어,26,메인,hostile,적대적인"
기초영단어,26,메인,contend,"싸우다, 주장하다, 경쟁하다"
기초영단어,26,메인,respect,"존중하다; 존경, 관련"
기초영단어,26,메인,await,기다리다"
기초영단어,26,메인,concrete,"구체적인; 콘크리트"
기초영단어,26,메인,satisfy,"만족시키다, 충족시키다"
기초영단어,26,메인,literate,읽고 쓸 수 있는"
기초영단어,26,메인,variable,"변수; 변하기 쉬운, 변덕스러운"
기초영단어,26,메인,lease,"임대; 임대하다"
기초영단어,26,메인,rule,"지배, 규칙; 지배하다, 통치하다"
기초영단어,26,메인,perseverance,인내심
기초영단어,26,메인,fatal,치명적인"
기초영단어,26,메인,substitute,"대리자, 대체물; 대체하다"
기초영단어,26,메인,invert,"(위치.순서 등을) 거꾸로 하다, 뒤집다"
기초영단어,26,메인,tension,"긴장, 불안; 긴장시키다"
기초영단어,26,메인,reign,"통치 기간, 치세; 군림하다"
기초영단어,26,메인,crack,"갈라진 틈; 금 가다"
기초영단어,26,메인,startle,깜짝 놀라게 하다"
기초영단어,26,메인,discourage,"낙담시키다, 단념시키다"
기초영단어,26,메인,compensate,보상하다
기초영단어,27,메인,convert,"전환하다, 바꾸다"
기초영단어,27,메인,strike,"치다, (머릿속에) 떠오르다; 치기, 동맹 파업"
기초영단어,27,메인,suppress,"억압하다, 참다"
기초영단어,27,메인,core,"핵심; 핵심의"
기초영단어,27,메인,contribute,"기여하다, 공헌하다, 기부하다"
기초영단어,27,메인,spear,창"
기초영단어,27,메인,renowned,"유명한, 명성 있는"
기초영단어,27,메인,era,시대"
기초영단어,27,메인,withdraw,"철수하다, 철회하다, (돈을) 인출하다"
기초영단어,27,메인,separate,"분리하다; 갈라진, 개개의"
기초영단어,27,메인,dignity,존엄(성)"
기초영단어,27,메인,notify,"통지하다, 알리다"
기초영단어,27,메인,animate,"생기 있게 하다, 고무하다; 살아 있는"
기초영단어,27,메인,prevent,"막다, 예방하다"
기초영단어,27,메인,bilingual,2개 국어의"
기초영단어,27,메인,mischief,"장난, 해악"
기초영단어,27,메인,discriminate,"구별하다, 차별하다"
기초영단어,27,메인,exemplify,"예시하다, ~의 좋은 예가 되다"
기초영단어,27,메인,adhere,"고수하다, 충실하다, 집착하다"
기초영단어,27,메인,superb,"최고의, 훌륭한"
기초영단어,27,메인,peculiar,독특한"
기초영단어,27,메인,sake,"위함, 목적"
기초영단어,27,메인,choke,"질식시키다, 숨이 막히다"
기초영단어,27,메인,folktale,"민간 설화, 전설"
기초영단어,27,메인,simultaneously,동시에"
기초영단어,27,메인,range,"범위; 정렬시키다"
기초영단어,27,메인,groom,신랑"
기초영단어,27,메인,supernatural,초자연적인"
기초영단어,27,메인,tender,"부드러운; 입찰하다; 입찰"
기초영단어,27,메인,instinct,본능"
기초영단어,27,메인,gigantic,거대한"
기초영단어,27,메인,meditate,명상하다"
기초영단어,27,메인,mow,"(풀 등을) 베다"
기초영단어,27,메인,evolve,"진화하다, 발전하다"
기초영단어,27,메인,chase,"쫓다, 추적하다"
기초영단어,27,메인,afflict,괴롭히다"
기초영단어,27,메인,empirical,"경험적인, 실증적인"
기초영단어,27,메인,coherent,"통일성 있는, 조리 있는"
기초영단어,27,메인,intolerable,참을 수 없는"
기초영단어,27,메인,fountain,"분수, 근원"
기초영단어,28,메인,bold,"대담한, 선이 굵은"
기초영단어,28,메인,compliment,"칭찬; 칭찬하다"
기초영단어,28,메인,summit,"꼭대기, 정상"
기초영단어,28,메인,troop,"무리, 떼, 군대, 군사"
기초영단어,28,메인,alter,"바꾸다, 변경하다"
기초영단어,28,메인,conceive,"생각해 내다, 마음속에 그리다"
기초영단어,28,메인,durability,내구성"
기초영단어,28,메인,destroy,파괴하다"
기초영단어,28,메인,shallow,"얕은, 얇은, 피상적인, 천박한"
기초영단어,28,메인,face,"직면하다; 얼굴, 표면"
기초영단어,28,메인,promote,"증진하다, 승진시키다"
기초영단어,28,메인,weep,울다"
기초영단어,28,메인,grasp,"붙잡다, 이해하다, 파악하다; 꽉 쥐기, 이해"
기초영단어,28,메인,overall,"전반적인, 전체의; 작업복"
기초영단어,28,메인,superstition,미신"
기초영단어,28,메인,colony,"식민지, (새.개미.꿀벌 등의) 집단"
기초영단어,28,메인,absurd,"불합리한, 우스꽝스러운"
기초영단어,28,메인,conduct,"수행하다, 실시하다; 행위, 안내"
기초영단어,28,메인,dormitory,기숙사"
기초영단어,28,메인,prone,~하는 경향이 있는"
기초영단어,28,메인,conceal,숨기다"
기초영단어,28,메인,retreat,"후퇴하다, 물러서다; 퇴각, 후퇴"
기초영단어,28,메인,compulsive,"강제적인, 강박의"
기초영단어,28,메인,clinic,"전문 병원, 개인 병원"
기초영단어,28,메인,banner,"깃발, 현수막"
기초영단어,28,메인,formulate,"만들어 내다, 공식화하다"
기초영단어,28,메인,vow,"맹세; 맹세하다"
기초영단어,28,메인,malnutrition,영양실조"
기초영단어,28,메인,heritage,"유산, 세습 재산"
기초영단어,28,메인,undergo,겪다"
기초영단어,28,메인,boast,"자랑하다, 떠벌리다"
기초영단어,28,메인,neutral,"중립의, 공평한"
기초영단어,28,메인,stain,"얼룩; 얼룩지게 하다"
기초영단어,28,메인,incentive,"자극, 장려책, 동기; 격려하는, 자극하는"
기초영단어,28,메인,float,"뜨다, 떠다니다; 부유물"
기초영단어,28,메인,tendency,"경향, 추세"
기초영단어,28,메인,applause,박수갈채"
기초영단어,28,메인,wrestle,"싸우다, (일과) 씨름하다, 레슬링하다"
기초영단어,28,메인,sensation,"감각, 느낌, 대사건(센세이션)"
기초영단어,28,메인,Confucian,"공자의, 유교의"
기초영단어,29,메인,draft,"원고, 초안; 초안을 그리다"
기초영단어,29,메인,crude,"가공하지 않은, 조잡한"
기초영단어,29,메인,supplement,"보충, 보충물; 보충하다"
기초영단어,29,메인,velocity,속도"
기초영단어,29,메인,tame,"길들이다; 길들여진"
기초영단어,29,메인,adapt,"적응하다, 적응시키다"
기초영단어,29,메인,manage,"잘 해내다, 다루다"
기초영단어,29,메인,dismay,"실망시키다, 낙담시키다; 걱정, 실망"
기초영단어,29,메인,diagnose,진단하다"
기초영단어,29,메인,molecule,분자"
기초영단어,29,메인,reservoir,"저장소, 저수지"
기초영단어,29,메인,conform,"순응하다, 일치하다"
기초영단어,29,메인,spacious,"넓은, 훤히 트인"
기초영단어,29,메인,weave,"엮다, 짜다, (생각 등을) 엮어 넣다"
기초영단어,29,메인,boundary,"경계, 경계선"
기초영단어,29,메인,motive,"동기(행동의 원인)"
기초영단어,29,메인,tangible,"유형적인, 유형의, 만질 수 있는"
기초영단어,29,메인,prominent,"현저한, 저명한"
기초영단어,29,메인,rigid,"엄격한, 융통성이 없는"
기초영단어,29,메인,archaeology,고고학"
기초영단어,29,메인,subtract,빼다"
기초영단어,29,메인,breed,"낳다, 양육하다"
기초영단어,29,메인,utmost,"최대한의, 최고의; 최대한도"
기초영단어,29,메인,proficient,숙달된"
기초영단어,29,메인,accumulate,"모으다, 축적하다"
기초영단어,29,메인,embody,"구현하다, 구체화하다"
기초영단어,29,메인,equity,공평"
기초영단어,29,메인,violate,"위반하다, 침해하다"
기초영단어,29,메인,ambitious,야심 있는"
기초영단어,29,메인,intact,"온전한, 손상되지 않은"
기초영단어,29,메인,impulse,"충동, 추진"
기초영단어,29,메인,attend,"출석하다, 보살피다"
기초영단어,29,메인,trim,"다듬다, 잘라 내다, 장식하다"
기초영단어,29,메인,navigate,"길을 찾다, 항해[비행]하다"
기초영단어,29,메인,remedy,"치료, 요법"
기초영단어,29,메인,consist,"(부분.요소로) 이루어지다"
기초영단어,29,메인,imprint,"(도장 등을) 찍다, 감명시키다; 찍은 자국, 인상"
기초영단어,29,메인,modify,"변형하다, 수정하다"
기초영단어,29,메인,confine,"제한하다, 가두다; 한계"
기초영단어,29,메인,dispatch,"급파하다, 발송하다; 급파, 발송"
기초영단어,30,메인,diameter,"지름, 직경"
기초영단어,30,메인,anecdote,"일화, 비화"
기초영단어,30,메인,spatial,"공간의, 공간적인"
기초영단어,30,메인,blame,"비난하다, ~의 탓으로 돌리다; 비난, 책망"
기초영단어,30,메인,geology,지질학"
기초영단어,30,메인,pledge,"약속, 맹세; 약속하다, 맹세하다"
기초영단어,30,메인,cost,"(비용이) 들다; 비용, 대가"
기초영단어,30,메인,earn,"(신용.평판 등을) 얻다, (돈을) 벌다"
기초영단어,30,메인,detect,"발견하다, 감지하다"
기초영단어,30,메인,temperate,"(기후가) 온화한, 절제하는"
기초영단어,30,메인,soar,높이 치솟다"
기초영단어,30,메인,mock,"조롱하다; 가짜의"
기초영단어,30,메인,disclose,"드러내다, 폭로하다"
기초영단어,30,메인,exhibit,"전시하다, 보여 주다; 전시, 전시품"
기초영단어,30,메인,symptom,증상"
기초영단어,30,메인,invent,발명하다"
기초영단어,30,메인,awkward,"어색한, 서투른"
기초영단어,30,메인,grind,"갈다, 빻다"
기초영단어,30,메인,expose,"드러내다, (비밀을) 폭로하다, 노출시키다"
기초영단어,30,메인,closet,벽장"
기초영단어,30,메인,damp,"축축한; 습기"
기초영단어,30,메인,script,"손으로 쓰기, 대본"
기초영단어,30,메인,signify,"의미하다, 중요하다"
기초영단어,30,메인,discuss,토론하다"
기초영단어,30,메인,sibling,"형제자매, 동기"
기초영단어,30,메인,lay,"(물건을) 놓다, (알을) 낳다"
기초영단어,30,메인,surveillance,감시"
기초영단어,30,메인,discharge,"배출, 내보냄, 방전; 배출하다, 내보내다, 해고하다"
기초영단어,30,메인,thorough,"철저한"
기초영단어,30,메인,undertake,"수행하다, (일을) 떠맡다, 착수하다"
기초영단어,30,메인,panel,"토론자단, 패널, 넓은 직사각형의 합판"
기초영단어,30,메인,linguistic,"언어의, 언어학의"
기초영단어,30,메인,flourish,"번영하다, 번창하다"
기초영단어,30,메인,feed,"먹이를 주다, 부양하다"
기초영단어,30,메인,sophomore,"(대학.고등학교의) 2학년생"
기초영단어,30,메인,remind,"생각나게 하다, 상기시키다"
기초영단어,30,메인,sole,유일한"
기초영단어,30,메인,pillar,기둥"
기초영단어,30,메인,explode,폭발하다"
기초영단어,30,메인,illusion,"환상, 착각"
기초영단어,31,메인,regret,"후회하다, 한탄하다; 유감, 후회"
기초영단어,31,메인,submit,"복종시키다, 복종하다, 제출하다"
기초영단어,31,메인,divine,"신의, 신성한"
기초영단어,31,메인,revenue,"수입, 수익"
기초영단어,31,메인,corrupt,"부정한, 부패한; 타락시키다"
기초영단어,31,메인,mention,"언급하다; 언급"
기초영단어,31,메인,factual,실제의"
기초영단어,31,메인,swamp,"늪, 습지"
기초영단어,31,메인,expedition,탐험(대)"
기초영단어,31,메인,abnormal,비정상적인"
기초영단어,31,메인,storage,"저장, 저장고"
기초영단어,31,메인,revive,되살아나다"
기초영단어,31,메인,equator,적도"
기초영단어,31,메인,motion,"운동, 움직임, 몸짓; 몸짓으로 지시[신호]하다"
기초영단어,31,메인,patent,"특허, 특허권; ~의 특허를 얻다"
기초영단어,31,메인,virtue,미덕"
기초영단어,31,메인,arithmetic,"산수, 연산"
기초영단어,31,메인,consistent,"일관된, 모순이 없는"
기초영단어,31,메인,cognitive,"인식의, 인지력 있는"
기초영단어,31,메인,hinder,방해하다"
기초영단어,31,메인,humble,"겸손한, 비천한"
기초영단어,31,메인,bounce,"(공이) 튀다, 되튀다, 뛰어오르다"
기초영단어,31,메인,imprison,투옥하다"
기초영단어,31,메인,enlist,"(군인을) 모집하다, 도움을 얻다"
기초영단어,31,메인,carbon,탄소"
기초영단어,31,메인,upcoming,다가오는"
기초영단어,31,메인,trace,흔적; 흔적을 쫓다"
기초영단어,31,메인,pulse,맥박"
기초영단어,31,메인,locate,"(수동태로) ~에 위치하다, (위치를) 찾아내다"
기초영단어,31,메인,controversy,"논란, 논쟁"
기초영단어,31,메인,flattery,아첨"
기초영단어,31,메인,regard,"~으로 여기다; 관계, 고려"
기초영단어,31,메인,convenience,"편의, 편리"
기초영단어,31,메인,hygiene,"위생, 위생학"
기초영단어,31,메인,rush,"돌진하다, 갑자기 일어나다; 돌진, 황급한 움직임"
기초영단어,31,메인,contaminate,오염시키다"
기초영단어,31,메인,external,"외부의; 외부"
기초영단어,31,메인,herd,"(짐승의) 떼"
기초영단어,31,메인,allocate,"할당하다, 분배하다"
기초영단어,31,메인,gorgeous,"아주 멋진, 화려한"
기초영단어,32,메인,confess,고백하다"
기초영단어,32,메인,subjective,"주관적인, 주격의"
기초영단어,32,메인,trivial,사소한"
기초영단어,32,메인,acknowledge,인정하다"
기초영단어,32,메인,accord,"일치하다, 주다, 부여하다; 일치, 협정"
기초영단어,32,메인,immense,막대한"
기초영단어,32,메인,extract,추출하다; 추출물"
기초영단어,32,메인,sewage,하수"
기초영단어,32,메인,reconciliation,화해"
기초영단어,32,메인,explore,"탐험하다, 탐구하다"
기초영단어,32,메인,warrant,"보증, 영장; 보증하다"
기초영단어,32,메인,complement,보완하다; 보충물"
기초영단어,32,메인,ceramic,"도자기; 도자기의"
기초영단어,32,메인,license,"면허, 인가; 면허[인가]를 내주다"
기초영단어,32,메인,emerge,"나타나다, 드러나다"
기초영단어,32,메인,halt,"정지, 일시 멈춤; 정지하다, 정지시키다"
기초영단어,32,메인,pierce,"꿰뚫다, ~에 구멍을 뚫다"
기초영단어,32,메인,ponder,심사숙고하다"
기초영단어,32,메인,burglar,"(주거 침입) 강도"
기초영단어,32,메인,stroke,"뇌졸중, 강타"
기초영단어,32,메인,lottery,"복권, 추첨"
기초영단어,32,메인,certificate,"증명서, 자격[면허]증"
기초영단어,32,메인,transplant,이식; 이식하다"
기초영단어,32,메인,cluster,"무리, (과일.꽃의) 송이, 성단"
기초영단어,32,메인,plea,"탄원, 간청, 변명"
기초영단어,32,메인,derive,"이끌어 내다, ~에서 비롯되다"
기초영단어,32,메인,plague,전염병"
기초영단어,32,메인,ultrasound,초음파"
기초영단어,32,메인,deluxe,"호화로운, 사치스러운"
기초영단어,32,메인,convey,"전달하다, 나르다"
기초영단어,32,메인,depth,깊이"
기초영단어,32,메인,evaporate,증발하다"
기초영단어,32,메인,lame,다리를 저는"
기초영단어,32,메인,intelligence,"지능, 지성"
기초영단어,32,메인,sour,신맛이 나는"
기초영단어,32,메인,repetitive,반복성의"
기초영단어,32,메인,oppress,억압하다"
기초영단어,32,메인,leftover,"나머지의, 남은; 나머지, 남은 음식"
기초영단어,32,메인,embrace,"포옹; 포옹하다, 받아들이다"
기초영단어,32,메인,blade,칼날"
기초영단어,33,메인,abundant,풍부한"
기초영단어,33,메인,duplicate,"복제품; 이중으로 하다, 복제하다"
기초영단어,33,메인,spoil,"망치다, 상하게 하다, 버릇없게 키우다"
기초영단어,33,메인,altitude,"고도, 높이"
기초영단어,33,메인,glimpse,"흘긋 봄; 흘긋 보다, 깨닫다"
기초영단어,33,메인,blend,"혼합; 섞다, 혼합하다"
기초영단어,33,메인,swell,부풀다; 팽창"
기초영단어,33,메인,grief,큰 슬픔"
기초영단어,33,메인,beverage,음료"
기초영단어,33,메인,warrior,"전사, 용사"
기초영단어,33,메인,shrub,관목"
기초영단어,33,메인,slice,얇은 조각; 얇게 썰다"
기초영단어,33,메인,exotic,이국적인"
기초영단어,33,메인,arrogant,거만한"
기초영단어,33,메인,vanish,사라지다"
기초영단어,33,메인,outbreak,"(전쟁.질병 등의) 발발, 폭동"
기초영단어,33,메인,accommodate,"수용하다, 숙박시키다"
기초영단어,33,메인,cozy,아늑한"
기초영단어,33,메인,recommend,추천하다"
기초영단어,33,메인,auction,경매; 경매에 부치다"
기초영단어,33,메인,obsess,"강박 관념을 갖다, (망상이) 사로잡다"
기초영단어,33,메인,suitor,"소송인, 구혼자"
기초영단어,33,메인,rational,"이성적인, 합리적인"
기초영단어,33,메인,discreet,"분별 있는, 사려 깊은"
기초영단어,33,메인,pioneer,"개척자, 선구자; 개척자의; 개척하다"
기초영단어,33,메인,assert,"주장하다, 행사하다"
기초영단어,33,메인,undo,"원상태로 돌리다, (매듭을) 풀다"
기초영단어,33,메인,inevitable,피할 수 없는"
기초영단어,33,메인,elaborate,"정교한, 공들인"
기초영단어,33,메인,toss,던지다"
기초영단어,33,메인,retain,"유지[보유]하다"
기초영단어,33,메인,maximize,"최대화하다, 최대한으로 활용하다"
기초영단어,33,메인,buildup,축적"
기초영단어,33,메인,machinery,"(집합적) 기계"
기초영단어,33,메인,sacrifice,"희생하다, 희생시키다; 희생, 제물"
기초영단어,33,메인,auditorium,강당"
기초영단어,33,메인,linger,"오래 머물다, 계속되다"
기초영단어,33,메인,neglect,"무시하다; 소홀, 무시"
기초영단어,33,메인,feedback,"반응, 피드백"
기초영단어,33,메인,radioactive,방사성의"
기초영단어,34,메인,impair,손상하다"
기초영단어,34,메인,metaphor,"은유, 은유법"
기초영단어,34,메인,predominant,"뛰어난, 우세한"
기초영단어,34,메인,bruise,"타박상, 멍; 타박상을 입히다, 멍들게 하다"
기초영단어,34,메인,attorney,변호사"
기초영단어,34,메인,sanitation,위생"
기초영단어,34,메인,heredity,"유전, 유전 형질"
기초영단어,34,메인,naive,순진한"
기초영단어,34,메인,shed,"(눈물 등을) 흘리다, 발산하다, (털 등을) 떨어뜨리다"
기초영단어,34,메인,metropolitan,"수도권의, 대도시의"
기초영단어,34,메인,shield,"방패, 보호물; 보호하다"
기초영단어,34,메인,ecology,생태학"
기초영단어,34,메인,coverage,"(점유) 범위, (신문.텔레비전.라디오의) 보도"
기초영단어,34,메인,expel,쫓아내다"
기초영단어,34,메인,plow,쟁기; 쟁기질하다"
기초영단어,34,메인,prolong,연장하다"
기초영단어,34,메인,fluent,유창한"
기초영단어,34,메인,margin,가장자리"
기초영단어,34,메인,induce,"유도하다, 설득하다"
기초영단어,34,메인,interior,내부; 내부의"
기초영단어,34,메인,ornament,장식품; 장식하다"
기초영단어,34,메인,probe,"조사하다; 탐사선"
기초영단어,34,메인,vibrate,"진동하다, 흔들다"
기초영단어,34,메인,speculate,"사색하다, 투기하다"
기초영단어,34,메인,versus,"~대, ~과 대비하여"
기초영단어,34,메인,pregnant,임신한"
기초영단어,34,메인,epidemic,"전염병, 유행병"
기초영단어,34,메인,precede,"~에 앞서다, 먼저 일어나다"
기초영단어,34,메인,breathtaking,"아슬아슬한, 숨 막히는"
기초영단어,34,메인,foundation,"기초, 토대, 재단"
기초영단어,34,메인,stimulate,"자극하다, 고무하다"
기초영단어,34,메인,fabric,"구조, 조직, 직물"
기초영단어,34,메인,overturn,전복시키다; 전복"
기초영단어,34,메인,ripe,"(과일 등이) 익은"
기초영단어,34,메인,framework,"뼈대, 틀, 체제"
기초영단어,34,메인,urgent,"긴급한, 다급한"
기초영단어,34,메인,settle,"정착하다, 정착시키다, 결정하다"
기초영단어,34,메인,conflict,"충돌하다; 갈등, 충돌"
기초영단어,34,메인,vapor,증기; 증발하다"
기초영단어,34,메인,tuition,수업료"
기초영단어,35,메인,literature,"문학, 문예, 문헌"
기초영단어,35,메인,compound,화합물; 합성의; 혼합하다"
기초영단어,35,메인,quote,인용하다"
기초영단어,35,메인,inhale,"(숨을) 들이쉬다"
기초영단어,35,메인,prospect,"가능성, 전망"
기초영단어,35,메인,anchor,"닻, 앵커; 닻을 내리다"
기초영단어,35,메인,asymmetry,"비대칭, 불균형"
기초영단어,35,메인,loop,고리"
기초영단어,35,메인,withstand,견디다"
기초영단어,35,메인,implement,도구; 실행하다"
기초영단어,35,메인,anonymous,익명의"
기초영단어,35,메인,collide,충돌하다"
기초영단어,35,메인,memorial,"기념물, 기념관"
기초영단어,35,메인,vacant,"빈, 비어 있는"
기초영단어,35,메인,technical,"기술[기법]의, 전문적인"
기초영단어,35,메인,thrill,"스릴, 전율; 몹시 신나게 하다, 감동시키다"
기초영단어,35,메인,wander,"(정처 없이) 돌아다니다; 유랑, 방랑"
기초영단어,35,메인,proportion,"비율, 부분"
기초영단어,35,메인,antibiotic,"항생 물질, 항생제"
기초영단어,35,메인,overtake,따라잡다"
기초영단어,35,메인,resemble,"닮다, 비슷[유사]하다"
기초영단어,35,메인,orchard,과수원"
기초영단어,35,메인,compassion,"연민, 동정"
기초영단어,35,메인,preoccupation,"몰두, 집착, 선취"
기초영단어,35,메인,paste,"풀, 반죽; 풀칠하다, 붙이다"
기초영단어,35,메인,provoke,"선동하다, 자극하다"
기초영단어,35,메인,wicked,사악한"
기초영단어,35,메인,sprain,"(발목.손목 등을) 삐다"
기초영단어,35,메인,sequence,"순서, 결과, 연속"
기초영단어,35,메인,stool,"(등받이가 없는) 의자, 변기"
기초영단어,35,메인,disrupt,"혼란에 빠뜨리다, 방해하다"
기초영단어,35,메인,solitary,"혼자의, 외로운, 고독한"
기초영단어,35,메인,bury,파묻다"
기초영단어,35,메인,rust,"녹; 녹슬다, 녹이 슬게 하다"
기초영단어,35,메인,fad,일시적 유행"
기초영단어,35,메인,referee,심판; 심판하다"
기초영단어,35,메인,sector,"분야, 지역, 부채꼴"
기초영단어,35,메인,boost,"상승, 밀어 올림; 밀어 올리다, (생산량을) 증가하다"
기초영단어,35,메인,gymnastics,"체육, 체조"
기초영단어,35,메인,gross,"엄청난, 총합의; 총합; ~의 총이익을 올리다"
기초영단어,36,메인,last,계속되다"
기초영단어,36,메인,tariff,"관세; 관세를 부과하다"
기초영단어,36,메인,beloved,사랑스러운"
기초영단어,36,메인,lyric,"노래 가사, 서정시; 서정적인"
기초영단어,36,메인,yeast,효모; 발효하다"
기초영단어,36,메인,skyscraper,"마천루, 고층 건물"
기초영단어,36,메인,inquire,"묻다, 조사하다"
기초영단어,36,메인,spade,삽"
기초영단어,36,메인,vacuum,"진공, 진공청소기; 진공청소기로 청소하다"
기초영단어,36,메인,migrate,"이동하다, 이주하다"
기초영단어,36,메인,spectacle,광경"
기초영단어,36,메인,surplus,"과잉, 나머지; 과잉의, 나머지의"
기초영단어,36,메인,simulate,"가장하다, 모의실험[훈련]하다"
기초영단어,36,메인,integration,"통합, (수학) 적분"
기초영단어,36,메인,hypothesis,가설"
기초영단어,36,메인,affirm,단언하다"
기초영단어,36,메인,fortress,"(대규모의) 요새"
기초영단어,36,메인,reed,갈대; 갈대의"
기초영단어,36,메인,cue,"단서, 신호"
기초영단어,36,메인,mole,"사마귀, 점"
기초영단어,36,메인,divide,"나누다, 분리하다, 나누어지다; 분할"
기초영단어,36,메인,inborn,타고난"
기초영단어,36,메인,overlap,겹치다; 중복"
기초영단어,36,메인,fatigue,피로; 피곤하게 하다"
기초영단어,36,메인,clone,"복제 생물, 클론; 복제하다"
기초영단어,36,메인,peel,"(과일 등의) 껍질을 벗기다; 껍질"
기초영단어,36,메인,ease,"진정시키다; 편함, 용이함"
기초영단어,36,메인,overcome,"극복하다, 압도하다"
기초영단어,36,메인,fund,기금; 자금을 제공하다"
기초영단어,36,메인,bias,편견"
기초영단어,36,메인,vaccine,"백신, (컴퓨터) 바이러스 예방 프로그램"
기초영단어,36,메인,tread,"밟다, 걷다; 밟음"
기초영단어,36,메인,vomit,토하다; 구토"
기초영단어,36,메인,prophecy,예언"
기초영단어,36,메인,correspond,"일치하다, 서신 왕래하다"
기초영단어,36,메인,cling,"달라붙다, 집착하다"
기초영단어,36,메인,mutation,"돌연변이, 변화"
기초영단어,36,메인,obscure,"불분명한, 이해하기 어려운, 무명의"
기초영단어,36,메인,tyrant,"폭군, 전제 군주"
기초영단어,36,메인,odd,"이상한, 홀수의"
기초영단어,37,메인,intriguing,아주 흥미로운"
기초영단어,37,메인,constrict,"죄다, 위축시키다"
기초영단어,37,메인,bundle,"묶음, 꾸러미"
기초영단어,37,메인,enclose,"동봉하다, 에워싸다"
기초영단어,37,메인,insert,삽입하다"
기초영단어,37,메인,keen,"날카로운, 예민한, 간절히 ~하고 싶은"
기초영단어,37,메인,restrain,"억제하다, 구속하다"
기초영단어,37,메인,aid,"돕다; 도움, 조력"
기초영단어,37,메인,reputation,"평판, 명성"
기초영단어,37,메인,measurement,"측정, 측량, 치수"
기초영단어,37,메인,originate,"시작되다, 비롯하다"
기초영단어,37,메인,flour,밀가루"
기초영단어,37,메인,manipulate,"조종하다, 조작하다"
기초영단어,37,메인,experiment,실험; 실험하다"
기초영단어,37,메인,patriot,애국자"
기초영단어,37,메인,interchange,"교환, 교차점; 교환하다"
기초영단어,37,메인,intuitive,"직관적인, 직관에 의한"
기초영단어,37,메인,garment,의복"
기초영단어,37,메인,spontaneous,"자발적인, 자연히 일어나는"
기초영단어,37,메인,vertical,수직의"
기초영단어,37,메인,testify,"검증하다, 증명하다, 증언하다"
기초영단어,37,메인,mentor,조언자"
기초영단어,37,메인,vivid,생생한"
기초영단어,37,메인,pasture,"목초지, 목장"
기초영단어,37,메인,crust,"껍질, (지질) 지각"
기초영단어,37,메인,comprehend,"이해하다, 포함하다"
기초영단어,37,메인,plunge,"뛰어들다, 던져 넣다"
기초영단어,37,메인,nasty,"더러운, 불쾌한"
기초영단어,37,메인,appreciate,"이해하다, 감상하다, 고맙게 생각하다"
기초영단어,37,메인,strip,"박탈하다, (옷이나 껍질을) 벗기다"
기초영단어,37,메인,deed,"행위, 업적"
기초영단어,37,메인,skinny,"피골이 상접한, 마른"
기초영단어,37,메인,grill,"석쇠; 석쇠로 굽다, 심문하다"
기초영단어,37,메인,canal,"수로, 운하"
기초영단어,37,메인,curse,저주; 저주하다"
기초영단어,37,메인,adverse,"거스르는, 반대의, 부정적인"
기초영단어,37,메인,censorship,검열"
기초영단어,37,메인,leverage,"이용하다; 지레의 작용, 영향력"
기초영단어,37,메인,appetite,"식욕, 욕망, 욕구"
기초영단어,37,메인,flaw,"결점, 흠"
기초영단어,38,메인,outgoing,외향적인"
기초영단어,38,메인,verbal,"말의, 구두의"
기초영단어,38,메인,liberate,"해방하다, 자유롭게 하다"
기초영단어,38,메인,academic,"학문적인, 학구적인"
기초영단어,38,메인,advance,"나아가게 하다, 진척시키다; 전진, 증진"
기초영단어,38,메인,contemplate,"숙고하다, 응시하다"
기초영단어,38,메인,underlying,"밑에 놓인, 근본적인"
기초영단어,38,메인,segregation,"인종 차별, 분리"
기초영단어,38,메인,stem,"생기다, 일어나다; 줄기, 대"
기초영단어,38,메인,irrigation,"관개, 물 대기"
기초영단어,38,메인,consecutive,"연속적인, 일관된"
기초영단어,38,메인,superficial,"표면상의, 피상적인"
기초영단어,38,메인,refuge,"피난, 피난처, 위안"
기초영단어,38,메인,swear,"맹세하다, 욕하다"
기초영단어,38,메인,allergy,알레르기"
기초영단어,38,메인,norm,"규범, 기준, 표준"
기초영단어,38,메인,endeavor,노력; 노력하다"
기초영단어,38,메인,erect,세우다; 똑바로 선"
기초영단어,38,메인,feminine,"여성의, 여성스러운"
기초영단어,38,메인,drowsy,졸리는"
기초영단어,38,메인,inspect,"검사하다, 점검하다"
기초영단어,38,메인,carriage,"마차, 탈것"
기초영단어,38,메인,primitive,"원시의, 초기의, 미개의"
기초영단어,38,메인,compress,압축하다"
기초영단어,38,메인,steep,"가파른, 경사가 급한"
기초영단어,38,메인,cemetery,공동묘지"
기초영단어,38,메인,transport,"수송[운송]하다; 수송"
기초영단어,38,메인,exaggerate,"과장하다, 과장해서 말하다"
기초영단어,38,메인,random,"무작위의, 임의의"
기초영단어,38,메인,feast,"즐겁게[기쁘게] 하다; 축제(일), 잔치"
기초영단어,38,메인,commemorate,기념하다"
기초영단어,38,메인,govern,"통치하다, 지배[좌우]하다"
기초영단어,38,메인,multitask,다중 작업을 하다"
기초영단어,38,메인,toxic,"유독한, 중독의"
기초영단어,38,메인,stare,"응시하다, 노려보다"
기초영단어,38,메인,chronic,"만성적인, 장기간의"
기초영단어,38,메인,designate,"지정하다, 가리키다"
기초영단어,38,메인,dramatic,"연극의, 극적인"
기초영단어,38,메인,intense,강렬한"
기초영단어,38,메인,propaganda,"선전 활동, 선전"
기초영단어,39,메인,numerous,"다수의, 수많은"
기초영단어,39,메인,shiver,떨림; 떨다"
기초영단어,39,메인,retarded,"(정서.지능.학력 등의) 발달이 뒤진"
기초영단어,39,메인,belonging,"(pl.) 소유물, 소지품"
기초영단어,39,메인,improvise,"즉흥적으로 하다, 즉석에서 하다"
기초영단어,39,메인,executive,"집행의, 경영의; 임원, 경영진"
기초영단어,39,메인,chaos,"혼돈, 무질서"
기초영단어,39,메인,microscope,현미경"
기초영단어,39,메인,ongoing,"계속되는, 진행 중인"
기초영단어,39,메인,vulnerable,"취약한, 상처 입기 쉬운"
기초영단어,39,메인,implication,"함축, 암시"
기초영단어,39,메인,alley,"오솔길, 골목길"
기초영단어,39,메인,authentic,"진짜의, 진정한"
기초영단어,39,메인,compel,"강요하다, ~하게 만들다"
기초영단어,39,메인,transition,"변천, 과도기"
기초영단어,39,메인,mobility,"이동성, 가동성"
기초영단어,39,메인,incline,"내키게 하다, 기울이다; 경사"
기초영단어,39,메인,attain,달성하다"
기초영단어,39,메인,innate,"천부적인, 본질적인"
기초영단어,39,메인,ingenuity,"솜씨, 독창력"
기초영단어,39,메인,upset,"마음이 상한, 당황한; 뒤엎다; 전복, 혼란"
기초영단어,39,메인,stretch,"늘이다, 뻗다; 신축성"
기초영단어,39,메인,seize,"붙잡다, 포착하다, 이해하다"
기초영단어,39,메인,screw,나사; 나사로 고정하다"
기초영단어,39,메인,shelter,"피난하다, 보호하다; 피난처"
기초영단어,39,메인,province,"(행정 단위인) 주[도], 분야, 영역"
기초영단어,39,메인,coordinate,조정하다; 동등한"
기초영단어,39,메인,deficient,"부족한, 불완전한"
기초영단어,39,메인,privilege,특권; 특권을 주다"
기초영단어,39,메인,preview,"미리 보기, 예고편, 시사회"
기초영단어,39,메인,slogan,"선전 문구, 슬로건"
기초영단어,39,메인,savage,"야만적인, 잔인한; 야만인"
기초영단어,39,메인,throughout,"(장소의) 도처에, (시간의) 처음부터 끝까지"
기초영단어,39,메인,outlaw,"금지하다, 법적으로 무효화하다; 무법자"
기초영단어,39,메인,squeeze,짜내다"
기초영단어,39,메인,breakthrough,"비약적 발전, 돌파, 타개"
기초영단어,39,메인,consent,"동의, 허락; 동의하다"
기초영단어,39,메인,orphan,고아"
기초영단어,39,메인,negotiate,협상하다"
기초영단어,39,메인,nuisance,"귀찮은 사람, 성가신 것"
기초영단어,40,메인,recipe,"조리법, 비법"
기초영단어,40,메인,deceive,속이다"
기초영단어,40,메인,sweep,"휩쓸다, 청소하다"
기초영단어,40,메인,profile,"옆모습, 인물 소개"
기초영단어,40,메인,enterprise,"기업, 사업"
기초영단어,40,메인,successive,"연속되는, 상속의"
기초영단어,40,메인,paradox,"역설, 패러독스"
기초영단어,40,메인,surpass,능가하다"
기초영단어,40,메인,correlation,"상관관계, 상호 관련"
기초영단어,40,메인,magnitude,"거대함, 중요성, (지진의) 진도"
기초영단어,40,메인,aesthetics,미학"
기초영단어,40,메인,earnest,"진지한; 진심"
기초영단어,40,메인,tremble,떨다"
기초영단어,40,메인,slaughter,"도살하다; 도살, 대학살"
기초영단어,40,메인,surrender,"넘겨주다, 포기하다, 항복하다"
기초영단어,40,메인,philosophy,철학"
기초영단어,40,메인,deplete,"고갈시키다, 격감시키다"
기초영단어,40,메인,admire,"감탄하다, 높이 평가하다"
기초영단어,40,메인,starvation,"아사, 기아, 궁핍"
기초영단어,40,메인,summon,"소집하다, 소환하다"
기초영단어,40,메인,afford,~할 여유가 있다"
기초영단어,40,메인,blunt,"무뚝뚝한, 퉁명스러운, 둔감한, 무딘"
기초영단어,40,메인,sprint,"단거리 경주, 전력 질주; 전력 질주하다"
기초영단어,40,메인,passerby,"통행인, 지나가는 사람"
기초영단어,40,메인,tense,"팽팽한, 긴장한; 긴장시키다"
기초영단어,40,메인,boil,"끓다, 삶다"
기초영단어,40,메인,timber,목재"
기초영단어,40,메인,collaborate,협력하다"
기초영단어,40,메인,stance,"서 있는 자세, 태도"
기초영단어,40,메인,blow,"불다, 바람에 날리다"
기초영단어,40,메인,ballot,"투표, 투표용지; 투표하다"
기초영단어,40,메인,resilience,회복력"
기초영단어,40,메인,acquaintance,"아는 사이, 교제"
기초영단어,40,메인,amplify,"확대하다, 증폭시키다"
기초영단어,40,메인,contradict,"부정하다, 반박하다, 모순되다"
기초영단어,40,메인,burst,"터지다, 터뜨리다, 꽉 차다; 파열, 폭발"
기초영단어,40,메인,cast,"내던지다, 보내다, 드리우다"
기초영단어,40,메인,falsify,"잘못을 입증하다, 위조하다"
기초영단어,40,메인,psychic,"초능력이 있는, 초자연적인; 무당, 영매"
기초영단어,40,메인,paddle,"노; 노를 젓다"
기초영단어,41,메인,steer,"조종하다, 인도하다"
기초영단어,41,메인,affection,"애정, 감정"
기초영단어,41,메인,bid,"말하다, 명령하다, 입찰하다; 입찰"
기초영단어,41,메인,compost,"혼합물, 퇴비"
기초영단어,41,메인,temperament,"기질, 성질"
기초영단어,41,메인,rent,"임대하다; 집세"
기초영단어,41,메인,shred,"갈기갈기 찢다, 째다"
기초영단어,41,메인,unpredictable,예측할 수 없는"
기초영단어,41,메인,tribute,"감사[존경]의 표시, 증정물, 진상품, 조세"
기초영단어,41,메인,artery,"동맥, 간선 도로"
기초영단어,41,메인,inherent,"내재하는, 타고난, 고유의"
기초영단어,41,메인,harass,"괴롭히다, 희롱하다, 침략하다"
기초영단어,41,메인,narrative,"(실제의) 이야기, 서술; 이야기의"
기초영단어,41,메인,assemble,"모으다, 조립하다, 소집하다"
기초영단어,41,메인,spike,"대못; 대못을 박다"
기초영단어,41,메인,sneak,"살금살금 움직이다, 몰래 움직이다"
기초영단어,41,메인,sophisticated,"세련된, 정교한"
기초영단어,41,메인,territory,"영토, 영역"
기초영단어,41,메인,enlightenment,"계몽, 개화, 깨달음"
기초영단어,41,메인,cosmetic,"화장품; 미용의"
기초영단어,41,메인,gracious,"상냥한, 우아한"
기초영단어,41,메인,aspire,"열망하다, 동경하다"
기초영단어,41,메인,obstruct,"막다, 방해하다"
기초영단어,41,메인,patrol,"순찰, 순찰병; 순찰하다"
기초영단어,41,메인,accelerate,"가속하다, 촉진하다"
기초영단어,41,메인,heatstroke,"일사병, 열사병"
기초영단어,41,메인,oval,"달걀 모양의, 타원형의; 타원체"
기초영단어,41,메인,veteran,"경험이 많은; 베테랑, 퇴역 군인"
기초영단어,41,메인,trail,"오솔길, 자국"
기초영단어,41,메인,vocation,"직업, 천직"
기초영단어,41,메인,vegetarian,"채식주의자; 채식주의자의, 채식의"
기초영단어,41,메인,decode,"(암호를) 해독하다"
기초영단어,41,메인,fellow,"사나이, 동료; 동료의"
기초영단어,41,메인,mandate,"명령하다, 위임하다; 명령, 위임"
기초영단어,41,메인,perish,"죽다, 소멸하다"
기초영단어,41,메인,inseparable,"불가분의, 떼어 낼 수 없는"
기초영단어,41,메인,domain,"영역, 영토, 분야"
기초영단어,41,메인,statesman,정치가"
기초영단어,41,메인,connotation,"함축, 내포"
기초영단어,41,메인,stereotype,"인습, 고정 관념, 연판 인쇄"
기초영단어,42,메인,hollow,"속이 빈, 오목한; 움푹한 곳"
기초영단어,42,메인,structural,"구조(상)의, 조직(상)의"
기초영단어,42,메인,mortgage,"저당, 주택 융자, (담보) 대출"
기초영단어,42,메인,inject,"주사하다, 도입하다"
기초영단어,42,메인,crisis,"위기, 중대 국면"
기초영단어,42,메인,painkiller,진통제"
기초영단어,42,메인,illuminate,"밝게 비추다, 계몽하다, 설명하다"
기초영단어,42,메인,mimic,"모방하다; 흉내를 잘 내는, 모조의"
기초영단어,42,메인,unearth,"발굴하다, 발견하다"
기초영단어,42,메인,wail,"울부짖다; 울부짖음"
기초영단어,42,메인,lessen,줄(이)다"
기초영단어,42,메인,stride,"성큼성큼 걷다; 성큼성큼 걷기, 진보, 발전"
기초영단어,42,메인,applicant,"신청자, 지원자"
기초영단어,42,메인,disprove,"오류를 증명하다, 논박하다"
기초영단어,42,메인,disturb,"방해하다, 어지럽히다, 혼란케 하다"
기초영단어,42,메인,hemisphere,"반구체, (지구.천체의) 반구"
기초영단어,42,메인,recur,"재발하다, 되풀이하다"
기초영단어,42,메인,elastic,"탄력 있는, 융통성 있는"
기초영단어,42,메인,counterpart,"상대, 대응하는 것[사람]"
기초영단어,42,메인,stubborn,"완고한, 고집이 센"
기초영단어,42,메인,suicide,자살; 자살하다"
기초영단어,42,메인,lure,유혹하다; 매력"
기초영단어,42,메인,indigenous,"토착의, 원산의"
기초영단어,42,메인,morale,"사기, 의욕"
기초영단어,42,메인,examine,"검사하다, 진찰하다"
기초영단어,42,메인,compromise,타협하다; 타협"
기초영단어,42,메인,yearn,"그리워하다, 열망하다"
기초영단어,42,메인,precaution,"조심, 예방 조치"
기초영단어,42,메인,torture,고문; 고문하다"
기초영단어,42,메인,entrust,"위임하다, 위탁하다"
기초영단어,42,메인,sway,흔들림; 흔들리다"
기초영단어,42,메인,religious,"종교(상)의, 종교적인"
기초영단어,42,메인,obligation,"의무, 계약, 채무"
기초영단어,42,메인,pest,"해충, 역병, 귀찮은 것"
기초영단어,42,메인,foremost,"주요한, 으뜸가는"
기초영단어,42,메인,incorporate,"법인회사로 만들다, 통합시키다"
기초영단어,42,메인,regime,"정권, 제도"
기초영단어,42,메인,terminate,"끝내다, 종결짓다"
기초영단어,42,메인,rebel,반역자; 반역[반란]을 일으키다"
기초영단어,42,메인,meanwhile,"한편, 그동안에"
기초영단어,43,메인,folklore,"민속, 민속 신앙, 신화"
기초영단어,43,메인,vast,"막대한, 광대한"
기초영단어,43,메인,preliminary,"예비의, 임시의; 예선, 사전 준비"
기초영단어,43,메인,theft,"도둑질, (야구) 도루"
기초영단어,43,메인,proliferation,"증식, 급증, 확산"
기초영단어,43,메인,amend,"수정하다, 고치다"
기초영단어,43,메인,recess,"휴식, 휴업, 구석진 곳"
기초영단어,43,메인,exploit,"(부당하게) 이용하다, 착취하다; 위업"
기초영단어,43,메인,autonomy,"자치(권), 자율"
기초영단어,43,메인,outfit,"옷[복장], 장비; 공급하다, 준비하다"
기초영단어,43,메인,mourn,"슬퍼하다, 애도하다"
기초영단어,43,메인,evoke,"일깨우다, 이끌어 내다"
기초영단어,43,메인,burden,"짐, 부담; ~에게 짐을 지우다"
기초영단어,43,메인,latitude,"(지리) 위도, 위선"
기초영단어,43,메인,patch,"(조그만) 부분, 헝겊 조각, 좁은 땅"
기초영단어,43,메인,maternal,"어머니의, 모계의, 모국어의"
기초영단어,43,메인,pharmacy,"약국, 약학"
기초영단어,43,메인,marine,"해양의, 바다의"
기초영단어,43,메인,prestigious,"명망 있는, 고급의, 일류의"
기초영단어,43,메인,friction,"마찰, 의견 충돌"
기초영단어,43,메인,defend,"방어하다, 수비하다"
기초영단어,43,메인,fraud,"사기, 속임, 사기꾼"
기초영단어,43,메인,easygoing,"태평스러운, 안이한"
기초영단어,43,메인,insomnia,불면증"
기초영단어,43,메인,intermediate,중간의; 중간물"
기초영단어,43,메인,shatter,산산이 부서지다; 파편"
기초영단어,43,메인,paradigm,"패러다임, 이론적 틀"
기초영단어,43,메인,charge,"요금을 청구하다, 채우다"
기초영단어,43,메인,rapid,"빠른, 신속한"
기초영단어,43,메인,premature,"조숙한, 조산한, 시기상조의"
기초영단어,43,메인,pollute,"오염시키다, 더럽히다"
기초영단어,43,메인,altruism,이타주의"
기초영단어,43,메인,fiber,"섬유(질)"
기초영단어,43,메인,irony,"반어법, 아이러니"
기초영단어,43,메인,spectator,"관객, 구경꾼"
기초영단어,43,메인,medieval,중세의"
기초영단어,43,메인,analogy,"유추, 유사점"
기초영단어,43,메인,snatch,"잡아채다, 날치기하다"
기초영단어,43,메인,anthropology,인류학"
기초영단어,43,메인,outline,"개요를 말하다, 윤곽을 보여 주다; 개요, 윤곽"
기초영단어,44,메인,equivalent,"동등한, 상당하는"
기초영단어,44,메인,composure,"침착, 평정"
기초영단어,44,메인,incurable,"불치의, 구제 불능의; 불치 환자"
기초영단어,44,메인,parallel,"평행의, 유사한; 평행선; 유사하다"
기초영단어,44,메인,indulge,"탐닉하다, 충족하다, 제멋대로 하게 하다"
기초영단어,44,메인,meadow,"목초지, 초원"
기초영단어,44,메인,venture,"모험, 벤처 기업; 모험하다"
기초영단어,44,메인,deflect,"빗나가다, 빗나가게 하다, 막다"
기초영단어,44,메인,adorable,"귀여운, 사랑스러운"
기초영단어,44,메인,complacent,"(스스로) 만족해하는, 현실에 안주하는"
기초영단어,44,메인,explicit,"명백한, 분명한"
기초영단어,44,메인,sturdy,"견고한, 강건한"
기초영단어,44,메인,primate,영장류"
기초영단어,44,메인,patron,"후원자, 단골손님, 고객"
기초영단어,44,메인,endure,"참다, 인내하다, 견디다"
기초영단어,44,메인,manifest,"명백하게 하다, 증명하다; 명백한"
기초영단어,44,메인,imperial,"제국의, 황제의"
기초영단어,44,메인,duration,"지속, 지속 기간"
기초영단어,44,메인,populate,거주시키다"
기초영단어,44,메인,frugal,"검소한, 절약하는"
기초영단어,44,메인,aristocrat,귀족"
기초영단어,44,메인,rejoice,크게 기뻐하다"
기초영단어,44,메인,comprise,"포함하다, 구성하다"
기초영단어,44,메인,textile,"직물의, 방직의; 직물"
기초영단어,44,메인,lurk,"숨다, 잠복하다"
기초영단어,44,메인,humanity,"인류, 인간성, 인간애"
기초영단어,44,메인,approximate,"(수량 등이) ~에 가까워지다; 대략의"
기초영단어,44,메인,revenge,복수; 복수하다"
기초영단어,44,메인,sarcastic,"비꼬는, 풍자적인"
기초영단어,44,메인,terrain,"지형, 지역, 분야, 범위"
기초영단어,44,메인,toll,"사용세, 통행료; 요금으로 징수하다"
기초영단어,44,메인,warfare,"전쟁, 교전 상태"
기초영단어,44,메인,mortal,"죽을 운명의, 치명적인"
기초영단어,44,메인,spouse,배우자"
기초영단어,44,메인,crispy,"바삭바삭한, 부서지기 쉬운"
기초영단어,44,메인,statistical,"통계적인, 통계(학)상의"
기초영단어,44,메인,rubbish,"쓰레기, 폐기물"
기초영단어,44,메인,stimulus,"자극, 격려"
기초영단어,44,메인,clumsy,"어색한, 서투른"
기초영단어,44,메인,subsequent,"그 후의, ~에 이어 일어나는"
기초영단어,45,메인,relevant,"관련이 있는, 적절한"
기초영단어,45,메인,predator,"포식자, 약탈자, 육식 동물"
기초영단어,45,메인,drain,"물을 빼내다, 소모시키다"
기초영단어,45,메인,countless,"셀 수 없는, 무수한"
기초영단어,45,메인,condense,"농축하다, 요약하다"
기초영단어,45,메인,post,"(벽 따위에) 붙이다; 우편"
기초영단어,45,메인,poise,"균형을 잡다; 균형, 평정"
기초영단어,45,메인,disciple,"제자, 문하생"
기초영단어,45,메인,gust,"돌풍, 질풍"
기초영단어,45,메인,collective,"집합적인, 집단적인; 집단"
기초영단어,45,메인,scope,"(관찰.활동의) 범위, 시야; 조사하다"
기초영단어,45,메인,compatible,"양립할 수 있는, 모순이 없는"
기초영단어,45,메인,border,"가장자리, 국경; 접하다"
기초영단어,45,메인,frontier,"국경; 국경의, 최첨단의"
기초영단어,45,메인,withhold,"억누르다, 억제하다, 보류하다"
기초영단어,45,메인,verdict,"판결, 결정"
기초영단어,45,메인,stall,"마구간, 우리, 핑계; 핑계를 대다"
기초영단어,45,메인,apparatus,"장치, 기구, 조직"
기초영단어,45,메인,hail,"싸락눈, 우박; 우박이 내리다"
기초영단어,45,메인,outburst,"분출, 폭발"
기초영단어,45,메인,vanity,"허영심, 허무함"
기초영단어,45,메인,firsthand,"직접, 바로; 직접의"
기초영단어,45,메인,obesity,"(병적인) 비만, 비대"
기초영단어,45,메인,dilemma,"진퇴양난, 딜레마, 궁지"
기초영단어,45,메인,render,"~이 되게 하다, 주다, 표현하다"
기초영단어,45,메인,indispensable,필수 불가결한; 없어서는 안 될 것"
기초영단어,45,메인,outdated,"시대에 뒤진, 구식의"
기초영단어,45,메인,bother,"일부러 ~하다, 괴롭히다"
기초영단어,45,메인,counteract,"(효력을) 중화시키다, 약화시키다"
기초영단어,45,메인,static,"정적인, 고정된"
기초영단어,45,메인,sustain,"지탱하다, 유지하다"
기초영단어,45,메인,posture,"태도, 자세"
기초영단어,45,메인,discourse,"담화, 강연"
기초영단어,45,메인,bribe,"뇌물; 뇌물을 주다"
기초영단어,45,메인,juggle,"잘 처리하다, 저글링하다"
기초영단어,45,메인,perspiration,"땀, 노력"
기초영단어,45,메인,retention,"보유, 기억(력)"
기초영단어,45,메인,outrage,"화나게 하다; 분노, 화"
기초영단어,45,메인,distress,"고민, 고통; 괴롭히다"
기초영단어,45,메인,nursery,"육아실, 탁아소, 양성소"
기초영단어,46,메인,encircle,"에워싸다, 둘러싸다"
기초영단어,46,메인,notion,"개념, 의견"
기초영단어,46,메인,disgust,혐오감; 역겹게 하다"
기초영단어,46,메인,fragment,"일부분, 부서진 조각"
기초영단어,46,메인,oversee,"감독하다, 감시하다"
기초영단어,46,메인,creep,"기다, (덩굴 등이) 얽히다; 포복, 서행"
기초영단어,46,메인,clarify,"분명히 하다, 명료하게 하다"
기초영단어,46,메인,contagious,"전염성의, 감염성의"
기초영단어,46,메인,deterioration,"악화, (가치의) 하락"
기초영단어,46,메인,currency,"통화, 통용"
기초영단어,46,메인,janitor,"문지기, 관리인, 잡역부"
기초영단어,46,메인,blush,"얼굴을 붉히다, 부끄러워하다"
기초영단어,46,메인,intervene,"사이에 끼어들다, 개입하다, 방해하다"
기초영단어,46,메인,nomad,"유목민, 방랑자"
기초영단어,46,메인,cuisine,"(독특한) 요리, 요리법"
기초영단어,46,메인,dare,감히 ~하다"
기초영단어,46,메인,solvent,"용해력이 있는, 지불 능력이 있는; 용제"
기초영단어,46,메인,cultivate,"경작하다, 양성하다, 계발하다"
기초영단어,46,메인,ascent,"상승, 오름"
기초영단어,46,메인,advocate,"옹호자, 지지자; 지지하다"
기초영단어,46,메인,spur,"박차, 자극(제); 박차를 가하다"
기초영단어,46,메인,discern,"식별하다, 분별하다, 인식하다"
기초영단어,46,메인,scheme,"계획, 체계; 계획하다"
기초영단어,46,메인,weigh,무게를 달다"
기초영단어,46,메인,publicity,"널리 알려짐, 명성, 광고, 선전"
기초영단어,46,메인,declare,"선포하다, 선언하다"
기초영단어,46,메인,brisk,"활발한, 번창하는, 상쾌한"
기초영단어,46,메인,exile,"망명, 망명자; 망명시키다"
기초영단어,46,메인,whisper,속삭이다; 속삭임"
기초영단어,46,메인,unanimous,"만장일치의, 합의의"
기초영단어,46,메인,deviation,"변경, 일탈"
기초영단어,46,메인,dissolve,"용해하다, 해산하다, 해소하다"
기초영단어,46,메인,constraint,"강제, 압박, 거북스러움"
기초영단어,46,메인,itch,"가려움, (~하고 싶은) 욕구; 가렵다, (~하고 싶어) 못 견디다"
기초영단어,46,메인,fling,"내던지다, 돌진하다"
기초영단어,46,메인,delude,"속이다, 착각하게 하다"
기초영단어,46,메인,dehydrate,"탈수하다, 건조시키다"
기초영단어,46,메인,underneath,"~의 아래에, 밑에"
기초영단어,46,메인,metabolism,"물질대사, 신진대사"
기초영단어,46,메인,appoint,"임명[지명]하다, (시간.장소를) 정하다"
기초영단어,47,메인,pinch,"꼬집다, 집다, 괴롭히다"
기초영단어,47,메인,punctual,"시간을 지키는, 기한을 지키는"
기초영단어,47,메인,arbitrary,"임의적인, 독단적인"
기초영단어,47,메인,catastrophe,"대참사, 큰 재앙"
기초영단어,47,메인,exert,"(힘.지식 등을) 쓰다, 발휘하다"
기초영단어,47,메인,aviate,"비행하다, (비행기를) 조종하다"
기초영단어,47,메인,headquarters,본부 (단수 취급)"
기초영단어,47,메인,rectangular,"직사각형의, 직각의"
기초영단어,47,메인,delegate,"파견하다; 사절, 대표"
기초영단어,47,메인,elect,선출하다"
기초영단어,47,메인,thorn,"가시, 괴로움의 원인"
기초영단어,47,메인,empathize,"공감하다, 감정 이입을 하다"
기초영단어,47,메인,expertise,전문 지식[기술]"
기초영단어,47,메인,renovate,"새롭게 하다, 수리하다"
기초영단어,47,메인,wrench,"렌치(너트를 죄는 기구), 비틀기; 비틀다, 삐다"
기초영단어,47,메인,interval,"간격, 틈"
기초영단어,47,메인,degrade,"저하시키다, 강등시키다, 분해하다"
기초영단어,47,메인,retort,"반박, 말대꾸; 반박하다, 말대꾸하다"
기초영단어,47,메인,shudder,"떨다, 몸서리치다"
기초영단어,47,메인,realm,"왕국, 영역"
기초영단어,47,메인,segment,"부문, 부분; 분할하다"
기초영단어,47,메인,coexist,공존하다"
기초영단어,47,메인,hospitality,"환대, 후한 대접"
기초영단어,47,메인,estate,"소유지, 재산"
기초영단어,47,메인,displace,"옮겨 놓다, 대신하다, 쫓아내다"
기초영단어,47,메인,cripple,불구로 만들다; 지체 부자유자"
기초영단어,47,메인,drawback,"문제점, 장애"
기초영단어,47,메인,tactics,"방안, 전술"
기초영단어,47,메인,dread,"공포; 무서워하다"
기초영단어,47,메인,dispute,"논쟁, 분쟁; 토의하다"
기초영단어,47,메인,console,위로하다"
기초영단어,47,메인,stack,"더미, 쌓아올림, (도서관의) 서가; 쌓다, 쌓이다"
기초영단어,47,메인,cynical,"냉소적인, 비꼬는"
기초영단어,47,메인,reprove,"꾸짖다, 책망하다"
기초영단어,47,메인,verify,"검증하다, 입증하다"
기초영단어,47,메인,engross,열중하게 하다"
기초영단어,47,메인,bulk,"크기, 부피, 대부분"
기초영단어,47,메인,despise,경멸하다"
기초영단어,47,메인,manuscript,"손으로 쓴 것, 필사본, 원고"
기초영단어,47,메인,flee,"달아나다, 도망치다"
기초영단어,48,메인,prehistoric,선사 시대의"
기초영단어,48,메인,barrel,"통, (석유) 1배럴"
기초영단어,48,메인,predecessor,"앞서 있었던 것, 선배, 전임자"
기초영단어,48,메인,alienate,"소외시키다, 멀리하다"
기초영단어,48,메인,proclaim,"선언하다, 증명하다"
기초영단어,48,메인,subordinate,"하급의, 부차적인; 하급자; 경시하다"
기초영단어,48,메인,furnish,"(필요한 것을) 제공하다, 갖추다"
기초영단어,48,메인,fume,연기; 연기 나다"
기초영단어,48,메인,staple,주요한; 주요 산물"
기초영단어,48,메인,dimension,"크기, 치수, 규모, 차원"
기초영단어,48,메인,dispersal,"분산, 확산"
기초영단어,48,메인,eloquent,"웅변의, 표현이 풍부한"
기초영단어,48,메인,innermost,가장 깊숙한; 가장 깊은 부분"
기초영단어,48,메인,hazardous,"위험한, 모험적인"
기초영단어,48,메인,skull,두개골"
기초영단어,48,메인,detergent,세제"
기초영단어,48,메인,brutal,"야만적인, 짐승 같은, 잔혹한"
기초영단어,48,메인,rash,"발진, 뾰루지; 무분별한, 성급한"
기초영단어,48,메인,bypass,우회하다; 우회로"
기초영단어,48,메인,dispense,"나누어 주다, 내놓다"
기초영단어,48,메인,tact,"재치, 기지"
기초영단어,48,메인,monotonous,"단조로운, 지루한"
기초영단어,48,메인,perpetual,"영구의, 끊임없는"
기초영단어,48,메인,eligible,적격의; 적임자"
기초영단어,48,메인,legacy,유산"
기초영단어,48,메인,melancholy,"우울한; 우울함"
기초영단어,48,메인,simplicity,"간단, 단순, 소박"
기초영단어,48,메인,hierarchy,"계급(제), 위계"
기초영단어,48,메인,overload,"과부하, 과적; 과중하게 부담시키다, 과적하다"
기초영단어,48,메인,enact,"법제화하다, 제정하다"
기초영단어,48,메인,burnout,"극도의 피로, 쇠진, 연소 종료"
기초영단어,48,메인,legitimate,"타당한, 정당한, 합법의"
기초영단어,48,메인,shuffle,"질질 끌며 걷다, 뒤섞다"
기초영단어,48,메인,summarize,요약하다"
기초영단어,48,메인,eject,"쫓아내다, 배출하다"
기초영단어,48,메인,intersection,"교차(로), 횡단"
기초영단어,48,메인,quest,"탐색, 탐구"
기초영단어,48,메인,linear,"직선의, 길이의, 1차(원)의"
기초영단어,48,메인,landslide,"산사태, 압도적인 승리"
기초영단어,48,메인,plausible,"그럴듯한, 말재주 있는"
기초영단어,49,메인,endow,"부여하다, 기부하다"
기초영단어,49,메인,extrinsic,"외적인, 비본질적인"
기초영단어,49,메인,merge,"합병하다, 차차 변하다"
기초영단어,49,메인,frantic,"광란의, 미친"
기초영단어,49,메인,moan,"신음; 신음하다, 불평하다"
기초영단어,49,메인,merchandise,"(집합적) 상품"
기초영단어,49,메인,respectively,"각각, 저마다"
기초영단어,49,메인,subdue,"정복하다, 진압하다, 완화하다"
기초영단어,49,메인,conviction,"확신, 유죄 판결"
기초영단어,49,메인,stout,"뚱뚱한, (옷 등이) 튼튼한"
기초영단어,49,메인,reckon,"세다, 계산하다, 생각하다"
기초영단어,49,메인,enchant,"매혹하다, ~에 마법을 걸다"
기초영단어,49,메인,entail,"수반하다, 의미하다, 필요로 하다"
기초영단어,49,메인,demolish,"파괴하다, 폐지하다"
기초영단어,49,메인,degenerate,"퇴보하다, 타락하다"
기초영단어,49,메인,sentiment,"감상, 정서"
기초영단어,49,메인,offspring,"자식, 새끼, 성과"
기초영단어,49,메인,detest,"혐오하다, 미워하다"
기초영단어,49,메인,tackle,"(일.문제를) 다루다; 도구, (축구의) 태클"
기초영단어,49,메인,defy,"물리치다, (공공연히) 반항하다, 무시하다"
기초영단어,49,메인,inference,추론"
기초영단어,49,메인,refraction,"(빛.소리 따위의) 굴절"
기초영단어,49,메인,dusk,"땅거미, 어스름"
기초영단어,49,메인,detach,"떼어 내다, 분리하다"
기초영단어,49,메인,antagonist,"적대자, 라이벌"
기초영단어,49,메인,thrust,"밀다, 밀치다"
기초영단어,49,메인,creed,"신념, (종교의) 교의"
기초영단어,49,메인,equate,"동일시하다, 일치하다"
기초영단어,49,메인,misplace,잘못 두다"
기초영단어,49,메인,auditory,"귀의, 청각의"
기초영단어,49,메인,missionary,선교사"
기초영단어,49,메인,cosmopolitan,"세계적인, 세계주의의; 세계인, 국제인"
기초영단어,49,메인,secondhand,"중고의, 간접적인"
기초영단어,49,메인,multiple,"복합적인, 다수의, 다양한; (수학) 배수"
기초영단어,49,메인,embed,"깊숙이 박다, 깊이 간직하다"
기초영단어,49,메인,propel,"나아가게 하다, 추진하다"
기초영단어,49,메인,reptile,파충류"
기초영단어,49,메인,erosion,"부식, 침식"
기초영단어,49,메인,feat,"위업, 공적"
기초영단어,49,메인,utensil,"가정용품, 기구, 도구"
기초영단어,50,메인,penetrate,"침투하다, 꿰뚫다"
기초영단어,50,메인,intrude,"방해하다, 침범하다"
기초영단어,50,메인,notable,"주목할 만한, 유명한"
기초영단어,50,메인,grumble,"불평하다, 으르렁거리다; 불평"
기초영단어,50,메인,landfill,쓰레기 매립지"
기초영단어,50,메인,scrutiny,"(면밀한) 조사"
기초영단어,50,메인,reckless,"부주의한, 무모한"
기초영단어,50,메인,synthetic,"(화학) 합성의"
기초영단어,50,메인,productive,"생산적인, 다산의"
기초영단어,50,메인,outset,"착수, 시작"
기초영단어,50,메인,peril,"위험, 위기"
기초영단어,50,메인,rage,격노"
기초영단어,50,메인,kidnap,"유괴; 납치하다"
기초영단어,50,메인,liable,"책임이 있는, ~할 것 같은, ~하기 쉬운"
기초영단어,50,메인,insane,"정신 이상의, 비상식적인"
기초영단어,50,메인,pitfall,"함정, 위험"
기초영단어,50,메인,radius,반지름"
기초영단어,50,메인,hybrid,"혼합, 잡종"
기초영단어,50,메인,uncover,"폭로하다, (비밀 등을) 알아내다"
기초영단어,50,메인,limb,"사지, 팔다리"
기초영단어,50,메인,setback,"좌절, 차질"
기초영단어,50,메인,prudent,"신중한, 빈틈없는"
기초영단어,50,메인,solidify,"굳어지다, 굳히다, 확고히 하다"
기초영단어,50,메인,grudge,"원한, 유감"
기초영단어,50,메인,transcend,초월하다"
기초영단어,50,메인,tangle,"얽히게 하다, 혼란시키다"
기초영단어,50,메인,subsidy,"보조금, 장려금"
기초영단어,50,메인,ambiguous,"애매모호한, 두 가지 뜻으로 해석 가능한"
기초영단어,50,메인,enthusiasm,"열광, 열정, 열의"
기초영단어,50,메인,bankruptcy,파산"
기초영단어,50,메인,pollination,"(식물) 수분 (작용)"
기초영단어,50,메인,prosper,"번영하다, 번창하다"
기초영단어,50,메인,phase,"단계, 상, 면, 양상"
기초영단어,50,메인,veterinarian,수의사"
기초영단어,50,메인,counterattack,"반격, 역습; 반격하다, 역습하다"
기초영단어,50,메인,cumulative,"누적되는, 점증적인"
기초영단어,50,메인,infrastructure,"사회 기반 시설, (단체 등의) 하부 조직[구조]"
기초영단어,50,메인,wound,"부상을 입히다; 부상"
기초영단어,50,메인,discrete,"분리된, 별개의"
기초영단어,50,메인,fluctuation,"변동, 오르내림, 요동"
